City,state_code,State,Latitude,Longitude
Port Blair ,35,ANDAMAN & NICOBAR ISLANDS,11.6233774,"11.6233774,92.7264828"
Adilabad ,28,ANDHRA PRADESH,19.0809075,"19.0809075,79.560344"
Adoni ,28,ANDHRA PRADESH,15.6322227,"15.6322227,77.2728368"
Anantapur ,28,ANDHRA PRADESH,14.6818877,"14.6818877,77.6005911"
Bhimavaram ,28,ANDHRA PRADESH,16.544893,"16.5448093,81.521241"
Chilakaluripet ,28,ANDHRA PRADESH,16.0924301,"16.0924301,80.1623948"
Chittoor ,28,ANDHRA PRADESH,13.2218054,"13.2218054,79.1010442"
Dharmavaram ,28,ANDHRA PRADESH,14.4137447,"14.4137447,77.7126189"
Eluru ,28,ANDHRA PRADESH,16.7106604,"16.7106604,81.0952431"
Greater Hyderabad ,28,ANDHRA PRADESH,17.385,"16.7106604,78.4867"
Gudivada ,28,ANDHRA PRADESH,16.4410255,"16.4410255,80.9926327"
Guntakal ,28,ANDHRA PRADESH,15.1674091,"15.1674091,77.3736238"
Guntur ,28,ANDHRA PRADESH,16.3066525,"16.3066525,80.4365402"
Hindupur ,28,ANDHRA PRADESH,13.8185378,"13.8185378,77.4988753"
Kadapa ,28,ANDHRA PRADESH,14.4673541,"14.4673541,78.8241339"
Kakinada ,28,ANDHRA PRADESH,16.9890648,"16.9890648,82.2474648"
Karimnagar ,28,ANDHRA PRADESH,18.4385553,"18.4385553,79.1288412"
Khammam ,28,ANDHRA PRADESH,17.2472528,"17.2472528,80.1514447"
Kurnool ,28,ANDHRA PRADESH,15.8281257,"15.8281257,78.0372792"
Machilipatnam ,28,ANDHRA PRADESH,16.1905457,"16.1905457,81.1361543"
Madanapalle ,28,ANDHRA PRADESH,13.5603491,"13.5603491,78.5036065"
Mahbubnagar ,28,ANDHRA PRADESH,16.7375089,"16.7375089,78.0081221"
Miryalaguda ,28,ANDHRA PRADESH,16.8753106,"16.8753106,79.5659633"
Nalgonda ,28,ANDHRA PRADESH,17.0575707,"17.0575707,79.2620294"
Nandyal ,28,ANDHRA PRADESH,15.4785694,"15.4785694,78.4830934"
Narasaraopet ,28,ANDHRA PRADESH,16.2353506,"16.2353506,80.0479039"
Nellore ,28,ANDHRA PRADESH,14.4425987,"14.4425987,79.986456"
Nizamabad ,28,ANDHRA PRADESH,18.6725047,"18.6725047,78.0940867"
Ongole ,28,ANDHRA PRADESH,15.5057232,"15.5057232,80.049922"
Proddatur ,28,ANDHRA PRADESH,14.7491864,"14.7491864,78.5531577"
Rajahmundry ,28,ANDHRA PRADESH,17.0005383,"17.0005383,81.8040345"
Ramagundam ,28,ANDHRA PRADESH,18.7595503,"18.7595503,79.4816378"
Secunderabad ,28,ANDHRA PRADESH,17.4399295,"17.4399295,78.4982741"
Srikakulam ,28,ANDHRA PRADESH,18.4285005,"18.4285005,84.0167423"
Suryapet ,28,ANDHRA PRADESH,17.1353148,"17.1353148,79.6333674"
Tadepalligudem ,28,ANDHRA PRADESH,16.8138415,"16.8138415,81.521241"
Tadpatri ,28,ANDHRA PRADESH,14.9070274,"14.9070274,78.0092703"
Tenali ,28,ANDHRA PRADESH,16.2395313,"16.2395313,80.6493396"
Tirupati ,28,ANDHRA PRADESH,13.6287557,"13.6287557,79.4191795"
Vijayawada ,28,ANDHRA PRADESH,16.5061743,"16.5061743,80.6480153"
Visakhapatnam,28,ANDHRA PRADESH,17.6868,"16.7106604,83.2185"
Vizianagaram ,28,ANDHRA PRADESH,18.1066576,"18.1066576,83.3955506"
Warangal ,28,ANDHRA PRADESH,17.9689008,"17.9689008,79.5940544"
Pasighat,,ARUNACHAL PRADESH,28.0667,95.3333
Tawang,,ARUNACHAL PRADESH,27.5875,91.8661
Ziro,,ARUNACHAL PRADESH,27.6215,93.8237
Itanagar,,ARUNACHAL PRADESH,27.102,93.692
Dibrugarh ,18,ASSAM,27.4728327,"27.4728327,94.9119621"
Guwahati ,18,ASSAM,26.1445169,"26.1445169,91.7362365"
Nagaon ,18,ASSAM,26.3463713,"26.3463713,92.6840426"
Silchar ,18,ASSAM,24.8332708,"24.8332708,92.7789054"
Arrah ,10,BIHAR,25.5560443,"25.5560443,84.6603307"
Aurangabad ,10,BIHAR,24.7457189,"24.7457189,84.3804888"
Bagaha ,10,BIHAR,27.1221959,"27.1221959,84.0722375"
Begusarai ,10,BIHAR,25.416675,"16.7106604,86.1293792"
Bettiah ,10,BIHAR,26.8028048,"26.8028048,84.5169757"
Bhagalpur ,10,BIHAR,25.3478004,"25.3478004,86.9824288"
Biharsharif ,10,BIHAR,25.1982147,"25.1982147,85.5148735"
Buxar ,10,BIHAR,25.4987785,"25.4987785,84.1435136"
Chapra ,10,BIHAR,25.7795649,"25.7795649,84.7498886"
Darbhanga ,10,BIHAR,26.111868,"16.7106604,85.896004"
Dehri ,10,BIHAR,24.9277351,"24.9277351,84.1909841"
Dinapur Nizamat ,10,BIHAR,25.6328264,"25.6328264,85.0597137"
Gaya ,10,BIHAR,24.7954523,"24.7954523,84.999431"
Hajipur ,10,BIHAR,25.6858392,"25.6858392,85.2145907"
Jamalpur ,10,BIHAR,25.312717,"25.312717,86.4906091"
Jehanabad ,10,BIHAR,25.1515827,"25.1515827,84.981754"
Katihar ,10,BIHAR,25.552048,"25.552048,87.5718609"
Kishanganj ,10,BIHAR,26.0917422,"26.0917422,87.9383822"
Motihari ,10,BIHAR,26.6469624,"26.6469624,84.9088938"
Munger ,10,BIHAR,25.3747561,"25.3747561,86.4735251"
Muzaffarpur ,10,BIHAR,26.1208876,"26.1208876,85.3647201"
Patna ,10,BIHAR,25.5940947,"25.5940947,85.1375645"
Purnia ,10,BIHAR,25.7771391,"25.7771391,87.4752551"
Saharsa ,10,BIHAR,25.8834961,"25.8834961,86.6006249"
Sasaram ,10,BIHAR,24.949036,"24.949036,84.0314295"
Siwan ,10,BIHAR,26.2196205,"26.2196205,84.3566593"
Chandigarh ,4,CHANDIGARH,30.7333148,"30.7333148,76.7794179"
Ambikapur ,22,CHHATTISGARH,23.1354921,"23.1354921,83.1817856"
Bhilai Nagar ,22,CHHATTISGARH,21.1938475,"21.1938475,81.3509416"
Bilaspur ,22,CHHATTISGARH,22.0796251,"22.0796251,82.1391412"
Durg ,22,CHHATTISGARH,21.1904494,"21.1904494,81.2849169"
Jagdalpur ,22,CHHATTISGARH,19.0740973,"19.0740973,82.008014"
Korba ,22,CHHATTISGARH,22.3594501,"22.3594501,82.7500595"
Raigarh ,22,CHHATTISGARH,21.8974003,"21.8974003,83.3949632"
Raipur ,22,CHHATTISGARH,21.2513844,"21.2513844,81.6296413"
Rajnandgaon ,22,CHHATTISGARH,21.0971034,"21.0971034,81.0302222"
Bhalswa Jahangir Pur ,7,DELHI,28.757322,"16.7106604,77.1544"
Burari ,7,DELHI,28.7535212,"28.7535212,77.1948241"
Dallo Pura ,7,DELHI,28.6004677,"28.6004677,77.319462"
Delhi ,7,DELHI,28.7041,"16.7106604,77.1025"
Delhi Cantonment ,7,DELHI,28.5961279,"28.5961279,77.1587375"
Deoli ,7,DELHI,28.4962152,"28.4962152,77.2376414"
Gokal Pur ,7,DELHI,28.703423,"28.703423,77.2840105"
Hastsal ,7,DELHI,28.6377129,"28.6377129,77.0490264"
Karawal Nagar ,7,DELHI,28.7283102,"28.7283102,77.276926"
Kirari Suleman Nagar ,7,DELHI,28.6967948,"28.6967948,77.0643614"
Mandoli ,7,DELHI,28.7041396,"28.7041396,77.313921"
Mustafabad ,7,DELHI,28.7113968,"28.7113968,77.2681086"
Nangloi Jat ,7,DELHI,28.6841206,"28.6841206,77.0632942"
New Delhi ,7,DELHI,28.6139,"16.7106604,77.2090"
Sultan Pur Majra ,7,DELHI,28.6958531,"28.6958531,77.0805496"
Ahmadabad ,24,GUJARAT,23.022505,"23.022505,72.5713621"
Amreli ,24,GUJARAT,21.6031774,"21.6031774,71.2220832"
Anand ,24,GUJARAT,22.5645175,"22.5645175,72.928871"
Bharuch ,24,GUJARAT,21.7051358,"21.7051358,72.9958748"
Bhavnagar ,24,GUJARAT,21.7644725,"21.7644725,72.1519304"
Bhuj ,24,GUJARAT,23.2419997,"23.2419997,69.6669324"
Botad ,24,GUJARAT,22.1704232,"22.1704232,71.6684269"
Deesa ,24,GUJARAT,24.2585031,"24.2585031,72.1906721"
Gandhidham ,24,GUJARAT,23.075297,"23.075297,70.133673"
Gandhinagar ,24,GUJARAT,23.2156354,"23.2156354,72.6369415"
Godhra ,24,GUJARAT,22.7788044,"22.7788044,73.6142795"
Gondal ,24,GUJARAT,21.9619463,"21.9619463,70.792297"
Jamnagar ,24,GUJARAT,22.4707019,"22.4707019,70.05773"
Jetpur Navagadh ,24,GUJARAT,21.7615246,"21.7615246,70.6276279"
Junagadh ,24,GUJARAT,21.522184,"21.522184,70.4578768"
Kalol ,24,GUJARAT,23.2463895,"23.2463895,72.5086513"
Mahesana ,24,GUJARAT,23.5879607,"23.5879607,72.3693252"
Morvi ,24,GUJARAT,22.8119895,"22.8119895,70.8236195"
Nadiad ,24,GUJARAT,22.6915853,"22.6915853,72.8633635"
Navsari ,24,GUJARAT,20.9467019,"20.9467019,72.9520348"
Palanpur ,24,GUJARAT,24.174051,"24.174051,72.4330989"
Patan ,24,GUJARAT,23.8493246,"23.8493246,72.1266255"
Porbandar ,24,GUJARAT,21.6417069,"21.6417069,69.6292654"
Rajkot ,24,GUJARAT,22.3038945,"22.3038945,70.8021599"
Surat ,24,GUJARAT,21.1702401,"21.1702401,72.8310607"
Surendranagar Dudhrej ,24,GUJARAT,22.7201319,"22.7201319,71.649536"
Vadodara ,24,GUJARAT,22.3071588,"22.3071588,73.1812187"
Valsad ,24,GUJARAT,20.5992349,"20.5992349,72.9342451"
Veraval ,24,GUJARAT,20.9158979,"20.9158979,70.3628516"
Ambala ,6,HARYANA,30.3781788,"30.3781788,76.7766974"
Ambala Sadar ,6,HARYANA,30.3248708,"30.3248708,76.8432663"
Bahadurgarh ,6,HARYANA,28.6924464,"28.6924464,76.9239727"
Bhiwani ,6,HARYANA,28.7751693,"28.7751693,75.9927652"
Faridabad ,6,HARYANA,28.4089123,"28.4089123,77.3177894"
Gurgaon ,6,HARYANA,28.4594965,"28.4594965,77.0266383"
Hisar ,6,HARYANA,29.1491875,"29.1491875,75.7216527"
Jagadhri ,6,HARYANA,30.1680858,"30.1680858,77.2969204"
Jind ,6,HARYANA,29.3211153,"29.3211153,76.3058328"
Kaithal ,6,HARYANA,29.7856734,"29.7856734,76.3984537"
Karnal ,6,HARYANA,29.6856929,"29.6856929,76.9904825"
Palwal ,6,HARYANA,28.1487362,"28.1487362,77.3320262"
Panchkula ,6,HARYANA,30.6942091,"30.6942091,76.860565"
Panipat ,6,HARYANA,29.3909464,"29.3909464,76.9635023"
Rewari ,6,HARYANA,28.1927631,"28.1927631,76.6239423"
Rohtak ,6,HARYANA,28.8955152,"28.8955152,76.606611"
Sirsa ,6,HARYANA,29.5335931,"29.5335931,75.0177029"
Sonipat ,6,HARYANA,28.9287735,"28.9287735,77.091281"
Thanesar ,6,HARYANA,29.9696148,"29.9696148,76.8197522"
Yamunanagar ,6,HARYANA,30.1290485,"30.1290485,77.2673901"
Shimla ,2,HIMACHAL PRADESH,31.1048145,"31.1048145,77.1734033"
Anantnag ,1,JAMMU & KASHMIR,33.7311255,"33.7311255,75.1487007"
Jammu ,1,JAMMU & KASHMIR,32.7266016,"32.7266016,74.8570259"
Srinagar ,1,JAMMU & KASHMIR,34.0836708,"34.0836708,74.7972825"
Adityapur ,20,JHARKHAND,22.7834741,"22.7834741,86.1576889"
Bokaro Steel City ,20,JHARKHAND,23.6692956,"23.6692956,86.151112"
Chas ,20,JHARKHAND,23.6388375,"23.6388375,86.1700894"
Deoghar ,20,JHARKHAND,24.4763201,"24.4763201,86.6913222"
Dhanbad ,20,JHARKHAND,23.7956531,"23.7956531,86.4303859"
Giridih ,20,JHARKHAND,24.2841482,"24.2841482,86.0937312"
Hazaribag ,20,JHARKHAND,23.9966213,"23.9966213,85.3691068"
Jamshedpur ,20,JHARKHAND,22.8045665,"22.8045665,86.2028754"
Mango ,20,JHARKHAND,22.834024,"22.834024,86.219577"
Ranchi ,20,JHARKHAND,23.3440997,"23.3440997,85.309562"
Bagalkot ,29,KARNATAKA,16.1725355,"16.1725355,75.6557206"
Belgaum ,29,KARNATAKA,15.8496953,"15.8496953,74.4976741"
Bellary ,29,KARNATAKA,15.1393932,"15.1393932,76.9214428"
Bengaluru,29,KARNATAKA,12.9716,"16.7106604,77.5946"
Bhadravati ,29,KARNATAKA,13.8329901,"13.8329901,75.7080727"
Bidar ,29,KARNATAKA,17.9148799,"17.9148799,77.5046101"
Bijapur ,29,KARNATAKA,16.8301708,"16.8301708,75.710031"
Chikmagalur ,29,KARNATAKA,13.315258,"13.315258,75.7754018"
Chitradurga ,29,KARNATAKA,14.2305594,"14.2305594,76.3984537"
Davanagere ,29,KARNATAKA,14.4663438,"14.4663438,75.9238397"
Gadag-Betigeri ,29,KARNATAKA,15.4324651,"15.4324651,75.6380337"
Gangawati ,29,KARNATAKA,15.431874,"15.431874,76.5314817"
Gulbarga ,29,KARNATAKA,17.329731,"17.329731,76.8342957"
Hassan ,29,KARNATAKA,13.0068142,"13.0068142,76.0995519"
Hospet ,29,KARNATAKA,15.2688542,"15.2688542,76.3909241"
Hubli-Dharwad ,29,KARNATAKA,15.3647083,"15.3647083,75.1239547"
Kolar ,29,KARNATAKA,13.1357446,"13.1357446,78.1325611"
Mandya ,29,KARNATAKA,12.5221567,"12.5221567,76.9009191"
Mangalore ,29,KARNATAKA,12.9141417,"12.9141417,74.8559568"
Mysore ,29,KARNATAKA,12.2958104,"12.2958104,76.6393805"
Raichur ,29,KARNATAKA,16.2120031,"16.2120031,77.3439283"
Ranibennur ,29,KARNATAKA,14.6113428,"14.6113428,75.6382657"
Robertson Pet ,29,KARNATAKA,12.9551189,"12.9551189,78.2698622"
Shimoga ,29,KARNATAKA,13.9299299,"13.9299299,75.568101"
Tumkur ,29,KARNATAKA,13.3709627,"13.3709627,76.6412712"
Udupi ,29,KARNATAKA,13.3408807,"13.3408807,74.7421427"
Alappuzha ,32,KERALA,9.4980667,"9.4980667,76.3388484"
Kochi ,32,KERALA,9.9312328,"9.9312328,76.2673041"
Kollam ,32,KERALA,8.8932118,"8.8932118,76.6141396"
Kozhikode ,32,KERALA,11.2587531,"11.2587531,75.78041"
Palakkad ,32,KERALA,10.7867303,"10.7867303,76.6547932"
Thiruvananthapuram ,32,KERALA,8.5241391,"8.5241391,76.9366376"
Thrissur ,32,KERALA,10.5276416,"10.5276416,76.2144349"
Betul ,23,MADHYA PRADESH,21.9108031,"21.9108031,77.9011842"
Bhind ,23,MADHYA PRADESH,26.4450034,"26.4450034,78.7476208"
Bhopal ,23,MADHYA PRADESH,"23.2599333,77.412615","23.2599333,77.412615"
Burhanpur ,23,MADHYA PRADESH,"21.3193875,76.2224273","21.3193875,76.2224273"
Chhattarpur ,23,MADHYA PRADESH,"24.728683,79.560344","24.728683,79.560344"
Chhindwara ,23,MADHYA PRADESH,"22.057437,78.9381729","22.057437,78.9381729"
Damoh ,23,MADHYA PRADESH,"23.8380986,79.4421731","23.8380986,79.4421731"
Datia ,23,MADHYA PRADESH,"25.6653262,78.4609393","25.6653262,78.4609393"
Dewas ,23,MADHYA PRADESH,"22.9622672,76.0507949","22.9622672,76.0507949"
Guna ,23,MADHYA PRADESH,"24.6348197,77.2979782","24.6348197,77.2979782"
Gwalior ,23,MADHYA PRADESH,"26.2182871,78.1828308","26.2182871,78.1828308"
Hoshangabad ,23,MADHYA PRADESH,"22.744108,77.736967","22.744108,77.736967"
Indore ,23,MADHYA PRADESH,"22.7195687,75.8577258","22.7195687,75.8577258"
Jabalpur ,23,MADHYA PRADESH,"23.181467,79.9864071","23.181467,79.9864071"
Khandwa ,23,MADHYA PRADESH,"21.8257334,76.352571","21.8257334,76.352571"
Khargone ,23,MADHYA PRADESH,"21.90287,75.8069082","21.90287,75.8069082"
Mandsaur ,23,MADHYA PRADESH,"24.076836,75.0692952","24.076836,75.0692952"
Morena ,23,MADHYA PRADESH,"26.4933562,77.9909949","26.4933562,77.9909949"
Murwara ,23,MADHYA PRADESH,"23.7473807,80.365865","23.7473807,80.365865"
Nagda ,23,MADHYA PRADESH,"23.4454599,75.4169918","23.4454599,75.4169918"
Neemuch ,23,MADHYA PRADESH,"24.4763852,74.8624092","24.4763852,74.8624092"
Pithampur ,23,MADHYA PRADESH,"22.613252,75.6822899","22.613252,75.6822899"
Ratlam ,23,MADHYA PRADESH,"23.3341696,75.0376325","23.3341696,75.0376325"
Rewa ,23,MADHYA PRADESH,"24.5372927,81.30418","24.5372927,81.30418"
Sagar ,23,MADHYA PRADESH,"23.838805,78.7378068","23.838805,78.7378068"
Satna ,23,MADHYA PRADESH,"24.6005075,80.8322428","24.6005075,80.8322428"
Sehore ,23,MADHYA PRADESH,"23.205012,77.0850781","23.205012,77.0850781"
Seoni ,23,MADHYA PRADESH,"22.0868691,79.5434841","22.0868691,79.5434841"
Shivpuri ,23,MADHYA PRADESH,"25.4357869,77.665066","25.4357869,77.665066"
Singrauli ,23,MADHYA PRADESH,"24.1992101,82.6645469","24.1992101,82.6645469"
Ujjain ,23,MADHYA PRADESH,"23.1793013,75.7849097","23.1793013,75.7849097"
Vidisha ,23,MADHYA PRADESH,"23.5251102,77.8081363","23.5251102,77.8081363"
Achalpur ,27,MAHARASHTRA,"21.257584,77.5086754","21.257584,77.5086754"
Ahmadnagar ,27,MAHARASHTRA,"19.0952075,74.7495916","19.0952075,74.7495916"
Akola ,27,MAHARASHTRA,"20.7059345,77.0219019","20.7059345,77.0219019"
Ambarnath ,27,MAHARASHTRA,"19.1825167,73.1926023","19.1825167,73.1926023"
Amravati ,27,MAHARASHTRA,"20.9374238,77.7795513","20.9374238,77.7795513"
Aurangabad ,27,MAHARASHTRA,"19.8761653,75.3433139","19.8761653,75.3433139"
Badlapur ,27,MAHARASHTRA,"19.1667854,73.2367896","19.1667854,73.2367896"
Barshi ,27,MAHARASHTRA,"18.2333856,75.6941478","18.2333856,75.6941478"
Bhiwandi ,27,MAHARASHTRA,"19.2812547,73.0482912","19.2812547,73.0482912"
Bhusawal ,27,MAHARASHTRA,"21.0455204,75.8010962","21.0455204,75.8010962"
Bid ,27,MAHARASHTRA,"18.9890893,75.7600785","18.9890893,75.7600785"
Chandrapur ,27,MAHARASHTRA,"19.9704597,79.3014845","19.9704597,79.3014845"
Dhule ,27,MAHARASHTRA,"20.9042201,74.7748979","20.9042201,74.7748979"
Gondiya ,27,MAHARASHTRA,"21.4624491,80.2209773","21.4624491,80.2209773"
Greater Mumbai ,27,MAHARASHTRA,"19.0760,72.8777","16.7106604,72.8777"
Hinganghat ,27,MAHARASHTRA,"20.5505728,78.8411405","20.5505728,78.8411405"
Ichalkaranji ,27,MAHARASHTRA,"16.7090008,74.4560807","16.7090008,74.4560807"
Jalgaon ,27,MAHARASHTRA,"21.0076578,75.5626039","21.0076578,75.5626039"
Jalna ,27,MAHARASHTRA,"19.8296893,75.8800305","19.8296893,75.8800305"
Kolhapur ,27,MAHARASHTRA,"16.7049873,74.2432527","16.7049873,74.2432527"
Latur ,27,MAHARASHTRA,"18.4087934,76.5603828","18.4087934,76.5603828"
Malegaon ,27,MAHARASHTRA,"20.5547497,74.5100291","20.5547497,74.5100291"
Mira Bhayander ,27,MAHARASHTRA,"19.2952325,72.8543897","19.2952325,72.8543897"
Nagpur ,27,MAHARASHTRA,"21.1458004,79.0881546","21.1458004,79.0881546"
Nanded Waghala ,27,MAHARASHTRA,"19.1428869,77.303723","19.1428869,77.303723"
Nandurbar ,27,MAHARASHTRA,"21.7468548,74.123996","21.7468548,74.123996"
Nashik ,27,MAHARASHTRA,"19.9974533,73.7898023","19.9974533,73.7898023"
Navi Mumbai ,27,MAHARASHTRA,"19.0330488,73.0296625","19.0330488,73.0296625"
Navi Mumbai Panvel Raigarh ,27,MAHARASHTRA,"18.9894007,73.1175162","18.9894007,73.1175162"
Osmanabad ,27,MAHARASHTRA,"18.2069636,76.1783739","18.2069636,76.1783739"
Panvel ,27,MAHARASHTRA,"18.9894007,73.1175162","18.9894007,73.1175162"
Parbhani ,27,MAHARASHTRA,"19.2609958,76.776665","19.2609958,76.776665"
Pimpri Chinchwad ,27,MAHARASHTRA,"18.6297811,73.7997094","18.6297811,73.7997094"
Pune ,27,MAHARASHTRA,"18.5204303,73.8567437","18.5204303,73.8567437"
Sangli Miraj Kupwad ,27,MAHARASHTRA,"16.8541887,74.6049061","16.8541887,74.6049061"
Satara ,27,MAHARASHTRA,"17.6804639,74.018261","17.6804639,74.018261"
Solapur ,27,MAHARASHTRA,"17.6599188,75.9063906","17.6599188,75.9063906"
Thane ,27,MAHARASHTRA,"19.2183307,72.9780897","19.2183307,72.9780897"
Udgir ,27,MAHARASHTRA,"18.3942882,77.1126009","18.3942882,77.1126009"
Ulhasnagar ,27,MAHARASHTRA,"19.2215115,73.1644628","19.2215115,73.1644628"
Vasai Virar City ,27,MAHARASHTRA,"19.3919275,72.8397317","19.3919275,72.8397317"
Wardha ,27,MAHARASHTRA,"20.745319,78.6021946","20.745319,78.6021946"
Yavatmal ,27,MAHARASHTRA,"20.3887937,78.1204073","20.3887937,78.1204073"
Imphal ,14,MANIPUR ,"24.8170111,93.9368439","24.8170111,93.9368439"
Shillong ,17,MEGHALAYA,"25.5714,91.8848","25.5714,91.8848"
Aizawl ,15,MIZORAM,"23.727107,92.7176389","23.727107,92.7176389"
Dimapur ,13,NAGALAND,"25.8629885,93.7536663","25.8629885,93.7536663"
Baleshwar Town ,21,ORISSA,"21.4869337,86.9246005","21.4869337,86.9246005"
Baripada Town ,21,ORISSA,"21.9322338,86.7516942","21.9322338,86.7516942"
Bhadrak ,21,ORISSA,"21.0582737,86.4958396","21.0582737,86.4958396"
Bhubaneswar Town ,21,ORISSA,"20.2960587,85.8245398","20.2960587,85.8245398"
Brahmapur Town ,21,ORISSA,"19.3149618,84.7940911","19.3149618,84.7940911"
Cuttack ,21,ORISSA,"20.462521,85.8829895","20.462521,85.8829895"
Puri ,21,ORISSA,"19.8133822,85.8314655","19.8133822,85.8314655"
Raurkela Industrial Township ,21,ORISSA,"22.1993143,84.8620054","22.1993143,84.8620054"
Raurkela Town ,21,ORISSA,"22.260423,84.8535844","22.260423,84.8535844"
Sambalpur ,21,ORISSA,"21.4668716,83.9811665","21.4668716,83.9811665"
Ozhukarai ,34,PUDUCHERRY,"11.9475611,79.7793932","11.9475611,79.7793932"
Puducherry ,34,PUDUCHERRY,"11.9138598,79.8144722","11.9138598,79.8144722"
Abohar ,3,PUNJAB,"30.1452928,74.1993043","30.1452928,74.1993043"
Amritsar ,3,PUNJAB,"31.6339793,74.8722642","31.6339793,74.8722642"
Barnala ,3,PUNJAB,"30.3819446,75.5467979","30.3819446,75.5467979"
Batala ,3,PUNJAB,"31.8183238,75.2070644","31.8183238,75.2070644"
Bathinda ,3,PUNJAB,"30.210994,74.9454745","30.210994,74.9454745"
Firozpur ,3,PUNJAB,"30.9331348,74.6224755","30.9331348,74.6224755"
Hoshiarpur ,3,PUNJAB,"31.5143178,75.911483","31.5143178,75.911483"
Jalandhar ,3,PUNJAB,"31.3260152,75.5761829","31.3260152,75.5761829"
Khanna ,3,PUNJAB,"30.697852,76.2112286","30.697852,76.2112286"
Ludhiana ,3,PUNJAB,"30.900965,75.8572758","30.900965,75.8572758"
Malerkotla ,3,PUNJAB,"30.5232076,75.8882508","30.5232076,75.8882508"
Moga ,3,PUNJAB,"30.8164603,75.1717093","30.8164603,75.1717093"
Muktsar ,3,PUNJAB,"30.4766391,74.511172","30.4766391,74.511172"
Pathankot ,3,PUNJAB,"32.2643375,75.6421121","32.2643375,75.6421121"
Patiala ,3,PUNJAB,"30.3397809,76.3868797","30.3397809,76.3868797"
S.A.S. Nagar ,3,PUNJAB,"30.6496486,76.7567368","30.6496486,76.7567368"
Ajmer ,8,RAJASTHAN,"26.4498954,74.6399163","26.4498954,74.6399163"
Alwar ,8,RAJASTHAN,"27.5529907,76.6345735","27.5529907,76.6345735"
Banswara ,8,RAJASTHAN,"23.5461394,74.4349761","23.5461394,74.4349761"
Baran ,8,RAJASTHAN,"25.1011438,76.5131637","25.1011438,76.5131637"
Beawar ,8,RAJASTHAN,"26.1007337,74.3190747","26.1007337,74.3190747"
Bharatpur ,8,RAJASTHAN,"27.216981,77.489515","27.216981,77.489515"
Bhilwara ,8,RAJASTHAN,"25.321377,74.586953","25.321377,74.586953"
Bhiwadi ,8,RAJASTHAN,"28.2088218,76.8445999","28.2088218,76.8445999"
Bikaner ,8,RAJASTHAN,"28.0229348,73.3119159","28.0229348,73.3119159"
Bundi ,8,RAJASTHAN,"25.4305144,75.6499025","25.4305144,75.6499025"
Chittaurgarh ,8,RAJASTHAN,"24.8887435,74.6269216","24.8887435,74.6269216"
Churu ,8,RAJASTHAN,"28.3174965,74.9851678","28.3174965,74.9851678"
Dhaulpur ,8,RAJASTHAN,"26.7025181,77.893391","26.7025181,77.893391"
Ganganagar ,8,RAJASTHAN,"29.9038399,73.8771901","29.9038399,73.8771901"
Gangapur City ,8,RAJASTHAN,"26.4846537,76.7278803","26.4846537,76.7278803"
Hanumangarh ,8,RAJASTHAN,"29.5815012,74.3294199","29.5815012,74.3294199"
Hindaun ,8,RAJASTHAN,"26.7454967,77.0330481","26.7454967,77.0330481"
Jaipur ,8,RAJASTHAN,"26.9124336,75.7872709","26.9124336,75.7872709"
Jhunjhunun ,8,RAJASTHAN,"28.1288747,75.3995089","28.1288747,75.3995089"
Jodhpur ,8,RAJASTHAN,"26.2389469,73.0243094","26.2389469,73.0243094"
Kishangarh ,8,RAJASTHAN,"26.5870344,74.856397","26.5870344,74.856397"
Kota ,8,RAJASTHAN,"25.2138156,75.8647527","25.2138156,75.8647527"
Nagaur ,8,RAJASTHAN,"27.1991222,73.740924","27.1991222,73.740924"
Pali ,8,RAJASTHAN,"25.7710893,73.3234478","25.7710893,73.3234478"
Sawai Madhopur ,8,RAJASTHAN,"26.0377772,76.3521514","26.0377772,76.3521514"
Sikar ,8,RAJASTHAN,"27.6094,75.139911","27.6094,75.139911"
Sujangarh ,8,RAJASTHAN,"27.7044756,74.4642861","27.7044756,74.4642861"
Tonk ,8,RAJASTHAN,"26.1620402,75.7894716","26.1620402,75.7894716"
Udaipur ,8,RAJASTHAN,"24.585445,73.712479","24.585445,73.712479"
Alandur ,33,TAMIL NADU,"12.9974873,80.2006371","12.9974873,80.2006371"
Ambattur ,33,TAMIL NADU,"13.1143167,80.1480551","13.1143167,80.1480551"
Ambur ,33,TAMIL NADU,"12.7903613,78.7166084","12.7903613,78.7166084"
Avadi ,33,TAMIL NADU,"13.1067448,80.0969511","13.1067448,80.0969511"
Chennai ,33,TAMIL NADU,"13.0826802,80.2707184","13.0826802,80.2707184"
Coimbatore ,33,TAMIL NADU,"11.0168445,76.9558321","11.0168445,76.9558321"
Cuddalore ,33,TAMIL NADU,"11.744699,79.7680243","11.744699,79.7680243"
Dindigul ,33,TAMIL NADU,"10.3673123,77.9802906","10.3673123,77.9802906"
Erode ,33,TAMIL NADU,"11.3410364,77.7171642","11.3410364,77.7171642"
Hosur ,33,TAMIL NADU,"12.7409127,77.8252923","12.7409127,77.8252923"
Kancheepuram ,33,TAMIL NADU,"12.8341735,79.7036402","12.8341735,79.7036402"
Karaikkudi ,33,TAMIL NADU,"10.0731315,78.7801544","10.0731315,78.7801544"
Kumbakonam ,33,TAMIL NADU,"10.9616945,79.3881132","10.9616945,79.3881132"
Kurichi ,33,TAMIL NADU,"11.5707716,77.6966143","11.5707716,77.6966143"
Madavaram ,33,TAMIL NADU,"13.147819,80.2309861","13.147819,80.2309861"
Madurai ,33,TAMIL NADU,"9.9252007,78.1197754","9.9252007,78.1197754"
Nagapattinam ,33,TAMIL NADU,"10.7656082,79.8423888","10.7656082,79.8423888"
Nagercoil ,33,TAMIL NADU,"8.1832857,77.4118996","8.1832857,77.4118996"
Neyveli ,33,TAMIL NADU,"11.5432364,79.4760133","11.5432364,79.4760133"
Pallavaram ,33,TAMIL NADU,"12.9673484,80.1526888","12.9673484,80.1526888"
Pudukkottai ,33,TAMIL NADU,"10.379663,78.8208454","10.379663,78.8208454"
Rajapalayam ,33,TAMIL NADU,"9.4653377,77.5275463","9.4653377,77.5275463"
Salem ,33,TAMIL NADU,"11.664325,78.1460142","11.664325,78.1460142"
Tambaram ,33,TAMIL NADU,"12.9229153,80.1274558","12.9229153,80.1274558"
Thanjavur ,33,TAMIL NADU,"10.7869994,79.1378274","10.7869994,79.1378274"
Thoothukkudi ,33,TAMIL NADU,"8.7641661,78.1348361","8.7641661,78.1348361"
Tiruchirappalli ,33,TAMIL NADU,"10.7904833,78.7046725","10.7904833,78.7046725"
Tirunelveli ,33,TAMIL NADU,"8.7139126,77.7566523","8.7139126,77.7566523"
Tiruppur ,33,TAMIL NADU,"11.1085242,77.3410656","11.1085242,77.3410656"
Tiruvannamalai ,33,TAMIL NADU,"12.2252841,79.0746957","12.2252841,79.0746957"
Tiruvottiyur ,33,TAMIL NADU,"13.1691914,80.3045793","13.1691914,80.3045793"
Vellore ,33,TAMIL NADU,"12.9165167,79.1324986","12.9165167,79.1324986"
Agartala ,16,TRIPURA,"23.831457,91.2867777","23.831457,91.2867777"
Agra ,9,UTTAR PRADESH,"27.1766701,78.0080745","27.1766701,78.0080745"
Akbarpur ,9,UTTAR PRADESH,"26.4407468,82.5537514","26.4407468,82.5537514"
Aligarh ,9,UTTAR PRADESH,"27.8973944,78.0880129","27.8973944,78.0880129"
Allahabad ,9,UTTAR PRADESH,"25.4358011,81.846311","25.4358011,81.846311"
Amroha ,9,UTTAR PRADESH,"28.9043537,78.4673426","28.9043537,78.4673426"
Azamgarh ,9,UTTAR PRADESH,"26.0737044,83.1859458","26.0737044,83.1859458"
Bahraich ,9,UTTAR PRADESH,"27.7525271,81.4278984","27.7525271,81.4278984"
Ballia ,9,UTTAR PRADESH,"25.7584381,84.1487319","25.7584381,84.1487319"
Banda ,9,UTTAR PRADESH,"25.4796224,80.3380213","25.4796224,80.3380213"
Baraut ,9,UTTAR PRADESH,"29.0998902,77.2606149","29.0998902,77.2606149"
Bareilly ,9,UTTAR PRADESH,"28.3670355,79.4304381","28.3670355,79.4304381"
Basti ,9,UTTAR PRADESH,"26.8176796,82.7633133","26.8176796,82.7633133"
Budaun ,9,UTTAR PRADESH,"28.0337088,79.1205419","28.0337088,79.1205419"
Bulandshahr ,9,UTTAR PRADESH,"28.406963,77.8498292","28.406963,77.8498292"
Chandausi ,9,UTTAR PRADESH,"28.4480507,78.7796105","28.4480507,78.7796105"
Deoria ,9,UTTAR PRADESH,"26.4270039,83.804868","26.4270039,83.804868"
Etah ,9,UTTAR PRADESH,"27.5587505,78.662567","27.5587505,78.662567"
Etawah ,9,UTTAR PRADESH,"26.8458148,79.1096901","26.8458148,79.1096901"
Faizabad ,9,UTTAR PRADESH,"26.7732476,82.1441643","26.7732476,82.1441643"
Farrukhabad-cum-Fatehgarh ,9,UTTAR PRADESH,"27.3826126,79.5940544","27.3826126,79.5940544"
Fatehpur ,9,UTTAR PRADESH,"25.8499808,80.8986502","25.8499808,80.8986502"
Firozabad ,9,UTTAR PRADESH,"27.1591006,78.3957574","27.1591006,78.3957574"
Ghazipur ,9,UTTAR PRADESH,"25.5840419,83.5770202","25.5840419,83.5770202"
Gonda ,9,UTTAR PRADESH,"27.1339913,81.9618968","27.1339913,81.9618968"
Gorakhpur ,9,UTTAR PRADESH,"26.7605545,83.3731675","26.7605545,83.3731675"
Greater Noida ,9,UTTAR PRADESH,"28.4743879,77.5039904","28.4743879,77.5039904"
Hapur ,9,UTTAR PRADESH,"28.7305798,77.7758825","28.7305798,77.7758825"
Hardoi ,9,UTTAR PRADESH,"27.2978965,80.1875065","27.2978965,80.1875065"
Hathras ,9,UTTAR PRADESH,"27.6056212,78.0537813","27.6056212,78.0537813"
Jaunpur ,9,UTTAR PRADESH,"25.7490034,82.6987002","25.7490034,82.6987002"
Jhansi ,9,UTTAR PRADESH,"25.4484257,78.5684594","25.4484257,78.5684594"
Kanpur ,9,UTTAR PRADESH,"26.449923,80.3318736","26.449923,80.3318736"
Kanpur City,9,UTTAR PRADESH,"26.449923,80.3318736","26.449923,80.3318736"
Kasganj ,9,UTTAR PRADESH,"27.8129344,78.649785","27.8129344,78.649785"
Khora ,9,UTTAR PRADESH,"28.753915,77.3999054","28.753915,77.3999054"
Khurja ,9,UTTAR PRADESH,"28.2513538,77.8538797","28.2513538,77.8538797"
Lakhimpur ,9,UTTAR PRADESH,"27.9490794,80.7824012","27.9490794,80.7824012"
Lalitpur ,9,UTTAR PRADESH,"24.6878597,78.4120206","24.6878597,78.4120206"
Loni ,9,UTTAR PRADESH,"28.7316438,77.3008506","28.7316438,77.3008506"
Lucknow ,9,UTTAR PRADESH,"26.8466937,80.946166","26.8466937,80.946166"
Mainpuri ,9,UTTAR PRADESH,"27.2177405,79.1096901","27.2177405,79.1096901"
Mathura ,9,UTTAR PRADESH,"27.4924134,77.673673","27.4924134,77.673673"
Maunath Bhanjan ,9,UTTAR PRADESH,"25.9496379,83.5586445","25.9496379,83.5586445"
Meerut ,9,UTTAR PRADESH,"28.9844618,77.7064137","28.9844618,77.7064137"
Mirzapur-cum-Vindhyachal ,9,UTTAR PRADESH,"25.1336987,82.5644344","25.1336987,82.5644344"
Modinagar ,9,UTTAR PRADESH,"28.8316307,77.5779592","28.8316307,77.5779592"
Moradabad ,9,UTTAR PRADESH,"28.8386481,78.7733286","28.8386481,78.7733286"
Mughalsarai ,9,UTTAR PRADESH,"25.2814947,83.1198203","25.2814947,83.1198203"
Muzaffarnagar ,9,UTTAR PRADESH,"29.4726817,77.7085091","29.4726817,77.7085091"
Noida ,9,UTTAR PRADESH,"28.5355161,77.3910265","28.5355161,77.3910265"
Orai ,9,UTTAR PRADESH,"26.00864,79.4478858","26.00864,79.4478858"
Pilibhit ,9,UTTAR PRADESH,"28.6207939,79.8128649","28.6207939,79.8128649"
Rae Bareli ,9,UTTAR PRADESH,"26.2345298,81.2408689","26.2345298,81.2408689"
Rampur ,9,UTTAR PRADESH,"25.4842209,82.5916032","25.4842209,82.5916032"
Saharanpur ,9,UTTAR PRADESH,"29.967079,77.5510172","29.967079,77.5510172"
Sambhal ,9,UTTAR PRADESH,"28.5903614,78.5717631","28.5903614,78.5717631"
Shahjahanpur ,9,UTTAR PRADESH,"27.8295801,79.8296743","27.8295801,79.8296743"
Shamli ,9,UTTAR PRADESH,"29.4507575,77.3152116","29.4507575,77.3152116"
Shikohabad ,9,UTTAR PRADESH,"27.1061756,78.5881674","27.1061756,78.5881674"
Sitapur ,9,UTTAR PRADESH,"27.5325072,80.8986502","27.5325072,80.8986502"
Sultanpur ,9,UTTAR PRADESH,"26.2647757,82.0727061","26.2647757,82.0727061"
Unnao ,9,UTTAR PRADESH,"26.5393449,80.4878195","26.5393449,80.4878195"
Varanasi ,9,UTTAR PRADESH,"25.3176452,82.9739144","25.3176452,82.9739144"
Dehradun ,5,UTTARAKHAND,"30.3164945,78.0321918","30.3164945,78.0321918"
Haldwani-cum-Kathgodam ,5,UTTARAKHAND,"29.2182644,79.5129767","29.2182644,79.5129767"
Hardwar ,5,UTTARAKHAND,"29.9456906,78.1642478","29.9456906,78.1642478"
Kashipur ,5,UTTARAKHAND,"29.2104232,78.9618845","29.2104232,78.9618845"
Roorkee ,5,UTTARAKHAND,"29.8542626,77.8880002","29.8542626,77.8880002"
Rudrapur ,5,UTTARAKHAND,"28.9875082,79.4141214","28.9875082,79.4141214"
Asansol ,19,WEST BENGAL,"23.6739452,86.9523954","23.6739452,86.9523954"
Ashoknagar Kalyangarh ,19,WEST BENGAL,"22.84039,88.6241351","22.84039,88.6241351"
Baharampur ,19,WEST BENGAL,"24.0988265,88.2679264","24.0988265,88.2679264"
Baidyabati ,19,WEST BENGAL,"22.795783,88.3190717","22.795783,88.3190717"
Bally ,19,WEST BENGAL,"22.6500518,88.3423199","22.6500518,88.3423199"
Bally City,19,WEST BENGAL,"22.6500518,88.3423199","22.6500518,88.3423199"
Balurghat ,19,WEST BENGAL,"25.2372834,88.7830612","25.2372834,88.7830612"
Bankura ,19,WEST BENGAL,"23.2324146,87.0786044","23.2324146,87.0786044"
Bansberia ,19,WEST BENGAL,"22.951904,88.4070629","22.951904,88.4070629"
Baranagar ,19,WEST BENGAL,"22.6383016,88.3654386","22.6383016,88.3654386"
Barasat ,19,WEST BENGAL,"22.7228159,88.480552","22.7228159,88.480552"
Barddhaman ,19,WEST BENGAL,"23.2324214,87.8614793","23.2324214,87.8614793"
Barrackpur ,19,WEST BENGAL,"22.7674278,88.3883455","22.7674278,88.3883455"
Basirhat ,19,WEST BENGAL,"22.6574017,88.8671766","22.6574017,88.8671766"
Bhadreswar ,19,WEST BENGAL,"22.8275529,88.3456516","22.8275529,88.3456516"
Bhatpara ,19,WEST BENGAL,"22.8562412,88.406454","22.8562412,88.406454"
Bidhan Nagar ,19,WEST BENGAL,"22.5867296,88.4170988","22.5867296,88.4170988"
Bongaon ,19,WEST BENGAL,"23.0440381,88.827703","23.0440381,88.827703"
Champdani ,19,WEST BENGAL,"22.8049456,88.3409338","22.8049456,88.3409338"
Chandannagar ,19,WEST BENGAL,"22.8647723,88.36326","22.8647723,88.36326"
Dabgram ,19,WEST BENGAL,"26.6954603,88.4415998","26.6954603,88.4415998"
Darjiling ,19,WEST BENGAL,"27.0360066,88.2626751","27.0360066,88.2626751"
Dum Dum ,19,WEST BENGAL,"22.6470514,88.431683","22.6470514,88.431683"
Durgapur ,19,WEST BENGAL,"23.5204443,87.3119227","23.5204443,87.3119227"
English Bazar ,19,WEST BENGAL,"25.0108408,88.1410967","25.0108408,88.1410967"
Habra ,19,WEST BENGAL,"22.8488542,88.6639591","22.8488542,88.6639591"
Haldia ,19,WEST BENGAL,"22.0666742,88.0698118","22.0666742,88.0698118"
Halisahar ,19,WEST BENGAL,"22.9441261,88.4193259","22.9441261,88.4193259"
Haora ,19,WEST BENGAL,"22.5957689,88.2636394","22.5957689,88.2636394"
Hugli-Chinsurah ,19,WEST BENGAL,"22.8858771,88.3919026","22.8858771,88.3919026"
Jalpaiguri ,19,WEST BENGAL,"26.5434772,88.7205256","26.5434772,88.7205256"
Jamuria ,19,WEST BENGAL,"23.7060688,87.0774107","23.7060688,87.0774107"
Kalyani ,19,WEST BENGAL,"22.9750855,88.4345078","22.9750855,88.4345078"
Kamarhati ,19,WEST BENGAL,"22.6846668,88.3706491","22.6846668,88.3706491"
Kanchrapara ,19,WEST BENGAL,"22.944101,88.4335019","22.944101,88.4335019"
Kharagpur ,19,WEST BENGAL,"22.34601,87.2319753","22.34601,87.2319753"
Khardaha ,19,WEST BENGAL,"22.7002943,88.3753455","22.7002943,88.3753455"
Kolkata ,19,WEST BENGAL,"22.572646,88.363895","22.572646,88.363895"
Krishnanagar ,19,WEST BENGAL,"23.4008744,88.5013962","23.4008744,88.5013962"
Kulti ,19,WEST BENGAL,"23.7370306,86.8370937","23.7370306,86.8370937"
Madhyamgram ,19,WEST BENGAL,"22.6925015,88.465448","22.6925015,88.465448"
Maheshtala ,19,WEST BENGAL,"22.511976,88.2509941","22.511976,88.2509941"
Medinipur ,19,WEST BENGAL,"22.4308892,87.3214908","22.4308892,87.3214908"
Nabadwip ,19,WEST BENGAL,"23.4036446,88.3676393","23.4036446,88.3676393"
Naihati ,19,WEST BENGAL,"22.8928724,88.4220324","22.8928724,88.4220324"
North Barrackpur ,19,WEST BENGAL,"22.7902358,88.367179","22.7902358,88.367179"
North Dum Dum ,19,WEST BENGAL,"22.6658076,88.4258483","22.6658076,88.4258483"
Panihati ,19,WEST BENGAL,"22.6983108,88.3991789","22.6983108,88.3991789"
Puruliya ,19,WEST BENGAL,"23.3320779,86.365208","23.3320779,86.365208"
Raiganj ,19,WEST BENGAL,"25.6185295,88.1255837","25.6185295,88.1255837"
Rajarhat Gopalpur ,19,WEST BENGAL,"22.6321975,88.4540911","22.6321975,88.4540911"
Rajpur Sonarpur ,19,WEST BENGAL,"22.4490894,88.3914731","22.4490894,88.3914731"
Raniganj ,19,WEST BENGAL,"23.6290575,87.0923906","23.6290575,87.0923906"
Rishra ,19,WEST BENGAL,"22.7244023,88.3287896","22.7244023,88.3287896"
Santipur ,19,WEST BENGAL,"23.2645399,88.4380966","23.2645399,88.4380966"
Serampore ,19,WEST BENGAL,"22.748331,88.3385053","22.748331,88.3385053"
Siliguri ,19,WEST BENGAL,"26.7271012,88.3952861","26.7271012,88.3952861"
South Dum Dum ,19,WEST BENGAL,"22.6059435,88.3967536","22.6059435,88.3967536"
Titagarh ,19,WEST BENGAL,"22.7382665,88.3737064","22.7382665,88.3737064"
Uluberia ,19,WEST BENGAL,"22.4744363,88.1000377","22.4744363,88.1000377"
Uttarpara Kotrung ,19,WEST BENGAL,"22.6768451,88.3385053","22.6768451,88.3385053"