id,country,state,jiocentre,longitude,lattiude,fourGtech,fiveGtech
1,India,ANDAMAN & NICOBAR,Port Blair ,92.7264828,11.6233774,-120.7708116,-118.6465802
2,India,ANDHRA PRADESH,Adilabad ,79.560344,19.0809075,-103.0354908,-99.57983562
3,India,ANDHRA PRADESH,Adoni ,77.2728368,15.6322227,-99.46065397,-64.30415758
4,India,ANDHRA PRADESH,Anantapur ,77.6005911,14.6818877,-102.0379416,-82.36800144
5,India,ANDHRA PRADESH,Bhimavaram ,81.521241,16.544893,-112.3693752,-62.57456608
6,India,ANDHRA PRADESH,Chilakaluripet ,80.1623948,16.0924301,-139.1002751,-74.67882701
7,India,ANDHRA PRADESH,Chittoor ,79.1010442,13.2218054,-102.2173818,-99.94548867
8,India,ANDHRA PRADESH,Dharmavaram ,77.7126189,14.4137447,-91.59926677,-107.0467804
9,India,ANDHRA PRADESH,Eluru ,81.0952431,16.7106604,-121.30897,-84.95949938
10,India,ANDHRA PRADESH,Hyderabad ,78.4867,17.385,-108.8544319,-79.75784668
11,India,ANDHRA PRADESH,Gudivada ,80.9926327,16.4410255,-96.80804498,-103.0601666
12,India,ANDHRA PRADESH,Guntakal ,77.3736238,15.1674091,-100.8929632,-85.8387716
13,India,ANDHRA PRADESH,Guntur ,80.4365402,16.3066525,-91.33823122,-94.43902097
14,India,ANDHRA PRADESH,Hindupur ,77.4988753,13.8185378,-127.394828,-101.3937261
15,India,ANDHRA PRADESH,Kadapa ,78.8241339,14.4673541,-128.1165046,-72.78674692
16,India,ANDHRA PRADESH,Kakinada ,82.2474648,16.9890648,-131.0153267,-92.85078606
17,India,ANDHRA PRADESH,Karimnagar ,79.1288412,18.4385553,-91.38384313,-63.37107264
18,India,ANDHRA PRADESH,Khammam ,80.1514447,17.2472528,-135.2884277,-117.8050417
19,India,ANDHRA PRADESH,Kurnool ,78.0372792,15.8281257,-132.189152,-73.17624615
20,India,ANDHRA PRADESH,Machilipatnam ,81.1361543,16.1905457,-84.66775425,-102.8926349
21,India,ANDHRA PRADESH,Madanapalle ,78.5036065,13.5603491,-111.27805,-107.1532194
22,India,ANDHRA PRADESH,Mahbubnagar ,78.0081221,16.7375089,-86.30927806,-69.50739155
23,India,ANDHRA PRADESH,Miryalaguda ,79.5659633,16.8753106,-92.74187191,-119.4836294
24,India,ANDHRA PRADESH,Nalgonda ,79.2620294,17.0575707,-101.2362781,-111.6705573
25,India,ANDHRA PRADESH,Nandyal ,78.4830934,15.4785694,-106.3362662,-73.4304691
26,India,ANDHRA PRADESH,Narasaraopet ,80.0479039,16.2353506,-118.0299083,-94.98414334
27,India,ANDHRA PRADESH,Nellore ,79.986456,14.4425987,-117.2148287,-69.5138744
28,India,ANDHRA PRADESH,Nizamabad ,78.0940867,18.6725047,-102.2211081,-96.40802787
29,India,ANDHRA PRADESH,Ongole ,80.049922,15.5057232,-113.6938938,-62.35767669
30,India,ANDHRA PRADESH,Proddatur ,78.5531577,14.7491864,-85.52214572,-112.1198262
31,India,ANDHRA PRADESH,Rajahmundry ,81.8040345,17.0005383,-87.33701604,-102.0296898
32,India,ANDHRA PRADESH,Ramagundam ,79.4816378,18.7595503,-116.9186076,-63.69389162
33,India,ANDHRA PRADESH,Secunderabad ,78.4982741,17.4399295,-129.2891884,-106.8052152
34,India,ANDHRA PRADESH,Srikakulam ,84.0167423,18.4285005,-120.6811911,-78.30813715
35,India,ANDHRA PRADESH,Suryapet ,79.6333674,17.1353148,-87.99817807,-73.45049897
36,India,ANDHRA PRADESH,Tadepalligudem ,81.521241,16.8138415,-94.15566769,-77.92144844
37,India,ANDHRA PRADESH,Tadpatri ,78.0092703,14.9070274,-123.5973178,-60.5929994
38,India,ANDHRA PRADESH,Tenali ,80.6493396,16.2395313,-118.5012347,-77.88188765
39,India,ANDHRA PRADESH,Tirupati ,79.4191795,13.6287557,-111.7797719,-88.5585647
40,India,ANDHRA PRADESH,Vijayawada ,80.6480153,16.5061743,-107.929884,-79.21439678
41,India,ANDHRA PRADESH,Visakhapatnam,83.2185,17.6868,-97.13877673,-86.23787431
42,India,ANDHRA PRADESH,Vizianagaram ,83.3955506,18.1066576,-110.3279391,-109.3025505
43,India,ANDHRA PRADESH,Warangal ,79.5940544,17.9689008,-100.6392837,-103.3362606
44,India,ARUNACHAL PRADESH,Pasighat,95.3333,28.0667,-88.67077702,-63.23375026
45,India,ARUNACHAL PRADESH,Tawang,91.8661,27.5875,-129.0068545,-107.8786975
46,India,ARUNACHAL PRADESH,Ziro,93.8237,27.6215,-101.2839043,-60.57997225
47,India,ARUNACHAL PRADESH,Itanagar,93.692,27.102,-95.76632041,-103.5671193
48,India,ASSAM,Dibrugarh ,94.9119621,27.4728327,-89.60613338,-112.0187078
49,India,ASSAM,Guwahati ,91.7362365,26.1445169,-113.7831444,-111.6259906
50,India,ASSAM,Nagaon ,92.6840426,26.3463713,-113.9700484,-108.3843
51,India,ASSAM,Silchar ,92.7789054,24.8332708,-111.2113146,-63.11898314
52,India,BIHAR,Arrah ,84.6603307,25.5560443,-116.0622439,-116.5054704
53,India,BIHAR,Aurangabad ,84.3804888,24.7457189,-90.43915645,-71.08622799
54,India,BIHAR,Bagaha ,84.0722375,27.1221959,-110.8906835,-118.2270656
55,India,BIHAR,Begusarai ,86.1293792,25.416675,-122.2994114,-99.94495707
56,India,BIHAR,Bettiah ,84.5169757,26.8028048,-104.2167325,-100.7530474
57,India,BIHAR,Bhagalpur ,86.9824288,25.3478004,-121.3363418,-70.16131928
58,India,BIHAR,Biharsharif ,85.5148735,25.1982147,-122.679553,-116.0806338
59,India,BIHAR,Buxar ,84.1435136,25.4987785,-115.0121488,-100.5950281
60,India,BIHAR,Chapra ,84.7498886,25.7795649,-90.33701026,-106.3539972
61,India,BIHAR,Darbhanga ,85.896004,26.111868,-110.0048806,-90.73197891
62,India,BIHAR,Dehri ,84.1909841,24.9277351,-121.6616673,-108.4542244
63,India,BIHAR,Dinapur Nizamat ,85.0597137,25.6328264,-87.99447409,-119.087027
64,India,BIHAR,Gaya ,84.999431,24.7954523,-87.89304628,-98.51984122
65,India,BIHAR,Hajipur ,85.2145907,25.6858392,-98.02145209,-113.8969306
66,India,BIHAR,Jamalpur ,86.4906091,25.312717,-98.36126298,-113.2052595
67,India,BIHAR,Jehanabad ,84.981754,25.1515827,-118.6724761,-90.73927274
68,India,BIHAR,Katihar ,87.5718609,25.552048,-127.9408332,-114.3429537
69,India,BIHAR,Kishanganj ,87.9383822,26.0917422,-86.49991462,-118.8975267
70,India,BIHAR,Motihari ,84.9088938,26.6469624,-111.3726601,-68.11702473
71,India,BIHAR,Munger ,86.4735251,25.3747561,-139.328719,-107.3070396
72,India,BIHAR,Muzaffarpur ,85.3647201,26.1208876,-88.26523566,-89.02788176
73,India,BIHAR,Patna ,85.1375645,25.5940947,-108.3685157,-108.33349
74,India,BIHAR,Purnia ,87.4752551,25.7771391,-129.5423512,-99.81147627
75,India,BIHAR,Saharsa ,86.6006249,25.8834961,-87.43654368,-95.91872958
76,India,BIHAR,Sasaram ,84.0314295,24.949036,-128.5305962,-108.7171929
77,India,BIHAR,Siwan ,84.3566593,26.2196205,-116.205839,-64.3467241
78,India,CHANDIGARH,Chandigarh ,76.7794179,30.7333148,-110.6996652,-90.13876872
79,India,CHHATTISGARH,Ambikapur ,83.1817856,23.1354921,-139.8597946,-83.06403555
80,India,CHHATTISGARH,Bhilai Nagar ,81.3509416,21.1938475,-131.9108112,-96.16580068
81,India,CHHATTISGARH,Bilaspur ,82.1391412,22.0796251,-127.861542,-97.27945514
82,India,CHHATTISGARH,Durg ,81.2849169,21.1904494,-139.5542531,-95.21770665
83,India,CHHATTISGARH,Jagdalpur ,82.008014,19.0740973,-109.8832847,-114.4607171
84,India,CHHATTISGARH,Korba ,82.7500595,22.3594501,-138.7730229,-111.3623304
85,India,CHHATTISGARH,Raigarh ,83.3949632,21.8974003,-105.6307374,-96.51087729
86,India,CHHATTISGARH,Raipur ,81.6296413,21.2513844,-118.5907153,-101.2657208
87,India,CHHATTISGARH,Rajnandgaon ,81.0302222,21.0971034,-87.70337256,-95.55395937
88,India,DELHI,Bhalswa Jahangir Pur ,77.1544,28.757322,-126.5217347,-93.92487075
89,India,DELHI,Burari ,77.1948241,28.7535212,-106.6050011,-119.0612779
90,India,DELHI,Dallo Pura ,77.319462,28.6004677,-115.3720306,-95.24623156
91,India,DELHI,Delhi ,77.1025,28.7041,-92.11838331,-74.99629487
92,India,DELHI,Delhi Cantonment ,77.1587375,28.5961279,-131.1804788,-110.4030342
93,India,DELHI,Deoli ,77.2376414,28.4962152,-112.794083,-64.81400896
94,India,DELHI,Gokal Pur ,77.2840105,28.703423,-100.1380903,-103.1983046
95,India,DELHI,Hastsal ,77.0490264,28.6377129,-111.34992,-67.9942044
96,India,DELHI,Karawal Nagar ,77.276926,28.7283102,-133.6978391,-76.39809577
97,India,DELHI,Kirari Suleman Nagar ,77.0643614,28.6967948,-95.21215111,-104.6041198
98,India,DELHI,Mandoli ,77.313921,28.7041396,-88.93682151,-61.45654384
99,India,DELHI,Mustafabad ,77.2681086,28.7113968,-111.2412467,-116.6584531
100,India,DELHI,Nangloi Jat ,77.0632942,28.6841206,-103.5750636,-95.90858109
101,India,DELHI,New Delhi ,77.209,28.6139,-119.1755729,-79.09908286
102,India,DELHI,Sultan Pur Majra ,77.0805496,28.6958531,-80.9148643,-102.8979158
103,India,GUJARAT,Ahmadabad ,72.5713621,23.022505,-86.56625065,-113.212776
104,India,GUJARAT,Amreli ,71.2220832,21.6031774,-83.56416411,-105.7443238
105,India,GUJARAT,Anand ,72.928871,22.5645175,-86.17755094,-99.73251989
106,India,GUJARAT,Bharuch ,72.9958748,21.7051358,-128.118551,-71.81181256
107,India,GUJARAT,Bhavnagar ,72.1519304,21.7644725,-89.13347604,-102.7643064
108,India,GUJARAT,Bhuj ,69.6669324,23.2419997,-94.22350264,-89.46811284
109,India,GUJARAT,Botad ,71.6684269,22.1704232,-135.5397457,-81.2547595
110,India,GUJARAT,Deesa ,72.1906721,24.2585031,-123.5265993,-118.0991637
111,India,GUJARAT,Gandhidham ,70.133673,23.075297,-86.43392012,-81.61733166
112,India,GUJARAT,Gandhinagar ,72.6369415,23.2156354,-115.155002,-104.8743816
113,India,GUJARAT,Godhra ,73.6142795,22.7788044,-103.3035401,-96.3311118
114,India,GUJARAT,Gondal ,70.792297,21.9619463,-139.7448433,-96.45895247
115,India,GUJARAT,Jamnagar ,70.05773,22.4707019,-138.2242669,-90.06818358
116,India,GUJARAT,Jetpur Navagadh ,70.6276279,21.7615246,-124.7471959,-94.40236835
117,India,GUJARAT,Junagadh ,70.4578768,21.522184,-85.01517872,-119.4602565
118,India,GUJARAT,Kalol ,72.5086513,23.2463895,-106.9530952,-72.30677749
119,India,GUJARAT,Mahesana ,72.3693252,23.5879607,-113.6058406,-84.73717116
120,India,GUJARAT,Morvi ,70.8236195,22.8119895,-105.9498519,-73.84825994
121,India,GUJARAT,Nadiad ,72.8633635,22.6915853,-82.87820473,-111.210637
122,India,GUJARAT,Navsari ,72.9520348,20.9467019,-122.274374,-113.0601874
123,India,GUJARAT,Palanpur ,72.4330989,24.174051,-110.8504526,-113.3920368
124,India,GUJARAT,Patan ,72.1266255,23.8493246,-129.0790872,-102.106743
125,India,GUJARAT,Porbandar ,69.6292654,21.6417069,-108.780318,-112.0339323
126,India,GUJARAT,Rajkot ,70.8021599,22.3038945,-96.65007234,-119.8988682
127,India,GUJARAT,Surat ,72.8310607,21.1702401,-103.7310393,-66.54397243
128,India,GUJARAT,Surendranagar Dudhrej ,71.649536,22.7201319,-98.74790899,-87.03276728
129,India,GUJARAT,Vadodara ,73.1812187,22.3071588,-81.99575195,-81.11897212
130,India,GUJARAT,Valsad ,72.9342451,20.5992349,-128.7215838,-111.8269181
131,India,GUJARAT,Veraval ,70.3628516,20.9158979,-107.3838547,-64.96759156
132,India,HARYANA,Ambala ,76.7766974,30.3781788,-116.5131823,-64.07455867
133,India,HARYANA,Ambala Sadar ,76.8432663,30.3248708,-107.1538913,-70.41245494
134,India,HARYANA,Bahadurgarh ,76.9239727,28.6924464,-94.83631465,-75.91688135
135,India,HARYANA,Bhiwani ,75.9927652,28.7751693,-109.332516,-61.94147555
136,India,HARYANA,Faridabad ,77.3177894,28.4089123,-99.06354801,-78.7812349
137,India,HARYANA,Gurgaon ,77.0266383,28.4594965,-127.7139732,-81.77710356
138,India,HARYANA,Hisar ,75.7216527,29.1491875,-111.430344,-93.58173575
139,India,HARYANA,Jagadhri ,77.2969204,30.1680858,-131.6691442,-68.88523747
140,India,HARYANA,Jind ,76.3058328,29.3211153,-130.7132372,-63.64773369
141,India,HARYANA,Kaithal ,76.3984537,29.7856734,-93.71112736,-68.27769791
142,India,HARYANA,Karnal ,76.9904825,29.6856929,-94.28197326,-92.26286908
143,India,HARYANA,Palwal ,77.3320262,28.1487362,-109.9984554,-62.80436779
144,India,HARYANA,Panchkula ,76.860565,30.6942091,-89.9368493,-82.22107606
145,India,HARYANA,Panipat ,76.9635023,29.3909464,-83.84350928,-118.2667318
146,India,HARYANA,Rewari ,76.6239423,28.1927631,-85.55827508,-85.41325512
147,India,HARYANA,Rohtak ,76.606611,28.8955152,-107.8806638,-65.37402434
148,India,HARYANA,Sirsa ,75.0177029,29.5335931,-113.6646355,-92.35762969
149,India,HARYANA,Sonipat ,77.091281,28.9287735,-117.638657,-86.61177151
150,India,HARYANA,Thanesar ,76.8197522,29.9696148,-125.1735466,-62.42804862
151,India,HARYANA,Yamunanagar ,77.2673901,30.1290485,-112.3453537,-102.8328776
152,India,HIMACHAL PRADESH,Shimla ,77.1734033,31.1048145,-115.2333871,-111.1619876
153,India,JAMMU & KASHMIR,Anantnag ,75.1487007,33.7311255,-125.9568671,-65.63887982
154,India,JAMMU & KASHMIR,Jammu ,74.8570259,32.7266016,-123.98697,-87.39081384
155,India,JAMMU & KASHMIR,Srinagar ,74.7972825,34.0836708,-117.6024535,-104.9991427
156,India,JHARKHAND,Adityapur ,86.1576889,22.7834741,-134.0181977,-62.1626831
157,India,JHARKHAND,Bokaro Steel City ,86.151112,23.6692956,-137.5179855,-119.7814608
158,India,JHARKHAND,Chas ,86.1700894,23.6388375,-131.8329137,-83.47503598
159,India,JHARKHAND,Deoghar ,86.6913222,24.4763201,-122.2145479,-61.40291559
160,India,JHARKHAND,Dhanbad ,86.4303859,23.7956531,-136.7369773,-98.55906482
161,India,JHARKHAND,Giridih ,86.0937312,24.2841482,-112.4424902,-78.07892905
162,India,JHARKHAND,Hazaribag ,85.3691068,23.9966213,-97.17989342,-63.69604474
163,India,JHARKHAND,Jamshedpur ,86.2028754,22.8045665,-95.46626246,-61.99539187
164,India,JHARKHAND,Mango ,86.219577,22.834024,-98.4983022,-110.4513896
165,India,JHARKHAND,Ranchi ,85.309562,23.3440997,-95.19610894,-88.14930533
166,India,KARNATAKA,Bagalkot ,75.6557206,16.1725355,-84.88427966,-67.20574799
167,India,KARNATAKA,Belgaum ,74.4976741,15.8496953,-85.61708997,-85.38764812
168,India,KARNATAKA,Bellary ,76.9214428,15.1393932,-82.56354498,-95.22397752
169,India,KARNATAKA,Bengaluru,77.5946,12.9716,-112.8961137,-107.7741596
170,India,KARNATAKA,Bhadravati ,75.7080727,13.8329901,-94.66436639,-108.7810545
171,India,KARNATAKA,Bidar ,77.5046101,17.9148799,-113.8503798,-99.74914497
172,India,KARNATAKA,Bijapur ,75.710031,16.8301708,-93.73601586,-64.94239975
173,India,KARNATAKA,Chikmagalur ,75.7754018,13.315258,-82.97892905,-81.82598236
174,India,KARNATAKA,Chitradurga ,76.3984537,14.2305594,-114.1783959,-101.7091959
175,India,KARNATAKA,Davanagere ,75.9238397,14.4663438,-117.1971106,-76.35918889
176,India,KARNATAKA,Gadag-Betigeri ,75.6380337,15.4324651,-97.64755667,-72.5437365
177,India,KARNATAKA,Gangawati ,76.5314817,15.431874,-114.0711377,-89.24092905
178,India,KARNATAKA,Gulbarga ,76.8342957,17.329731,-116.369274,-90.20423778
179,India,KARNATAKA,Hassan ,76.0995519,13.0068142,-112.9363622,-70.78591921
180,India,KARNATAKA,Hospet ,76.3909241,15.2688542,-100.7867332,-78.16818674
181,India,KARNATAKA,Hubli-Dharwad ,75.1239547,15.3647083,-94.83041644,-78.17272461
182,India,KARNATAKA,Kolar ,78.1325611,13.1357446,-105.3253914,-66.32633961
183,India,KARNATAKA,Mandya ,76.9009191,12.5221567,-94.01031106,-98.48860427
184,India,KARNATAKA,Mangalore ,74.8559568,12.9141417,-123.0981014,-85.61126823
185,India,KARNATAKA,Mysore ,76.6393805,12.2958104,-101.0479373,-70.57971831
186,India,KARNATAKA,Raichur ,77.3439283,16.2120031,-116.62377,-93.36378005
187,India,KARNATAKA,Ranibennur ,75.6382657,14.6113428,-86.21966474,-110.5774471
188,India,KARNATAKA,Robertson Pet ,78.2698622,12.9551189,-115.9380996,-107.6698891
189,India,KARNATAKA,Shimoga ,75.568101,13.9299299,-128.280311,-107.3374457
190,India,KARNATAKA,Tumkur ,76.6412712,13.3709627,-136.6800998,-70.29776409
191,India,KARNATAKA,Udupi ,74.7421427,13.3408807,-127.7396605,-76.42281288
192,India,KERALA,Alappuzha ,76.3388484,9.4980667,-83.24021753,-75.79200564
193,India,KERALA,Kochi ,76.2673041,9.9312328,-80.55392898,-75.28341537
194,India,KERALA,Kollam ,76.6141396,8.8932118,-98.21657419,-106.5403359
195,India,KERALA,Kozhikode ,75.78041,11.2587531,-133.3939846,-99.34683278
196,India,KERALA,Palakkad ,76.6547932,10.7867303,-96.90940242,-113.0357696
197,India,KERALA,Thiruvananthapuram ,76.9366376,8.5241391,-84.23723447,-68.53920128
198,India,KERALA,Thrissur ,76.2144349,10.5276416,-115.7908197,-96.45741191
199,India,MADHYA PRADESH,Betul ,77.9011842,21.9108031,-89.92141605,-112.2316034
200,India,MADHYA PRADESH,Bhind ,78.7476208,26.4450034,-133.0995142,-66.75374001
201,India,MADHYA PRADESH,Bhopal ,77.412615,23.2599333,-97.98777541,-65.8117608
202,India,MADHYA PRADESH,Burhanpur ,76.2224273,21.3193875,-138.8527064,-82.19634479
203,India,MADHYA PRADESH,Chhattarpur ,79.560344,24.728683,-111.8054041,-68.14865711
204,India,MADHYA PRADESH,Chhindwara ,78.9381729,22.057437,-135.9618407,-62.81883951
205,India,MADHYA PRADESH,Damoh ,79.4421731,23.8380986,-99.74929817,-78.55256957
206,India,MADHYA PRADESH,Datia ,78.4609393,25.6653262,-129.2001145,-60.88851287
207,India,MADHYA PRADESH,Dewas ,76.0507949,22.9622672,-108.778055,-116.225123
208,India,MADHYA PRADESH,Guna ,77.2979782,24.6348197,-84.75721795,-83.86386636
209,India,MADHYA PRADESH,Gwalior ,78.1828308,26.2182871,-138.7927095,-118.2876285
210,India,MADHYA PRADESH,Hoshangabad ,77.736967,22.744108,-100.0163682,-65.42449208
211,India,MADHYA PRADESH,Indore ,75.8577258,22.7195687,-112.0898227,-69.24071791
212,India,MADHYA PRADESH,Jabalpur ,79.9864071,23.181467,-122.1437002,-80.82810772
213,India,MADHYA PRADESH,Khandwa ,76.352571,21.8257334,-121.6187409,-80.19047517
214,India,MADHYA PRADESH,Khargone ,75.8069082,21.90287,-134.9312694,-114.2109363
215,India,MADHYA PRADESH,Mandsaur ,75.0692952,24.076836,-116.5269609,-69.9943494
216,India,MADHYA PRADESH,Morena ,77.9909949,26.4933562,-97.91327345,-105.2887621
217,India,MADHYA PRADESH,Murwara ,80.365865,23.7473807,-84.55535032,-114.9651071
218,India,MADHYA PRADESH,Nagda ,75.4169918,23.4454599,-101.2549494,-106.4100675
219,India,MADHYA PRADESH,Neemuch ,74.8624092,24.4763852,-133.355461,-106.1006765
220,India,MADHYA PRADESH,Pithampur ,75.6822899,22.613252,-80.2082381,-65.7649877
221,India,MADHYA PRADESH,Ratlam ,75.0376325,23.3341696,-131.2704092,-76.33182386
222,India,MADHYA PRADESH,Rewa ,81.30418,24.5372927,-128.4234972,-106.2484146
223,India,MADHYA PRADESH,Sagar ,78.7378068,23.838805,-97.59393328,-110.5726526
224,India,MADHYA PRADESH,Satna ,80.8322428,24.6005075,-95.06760747,-95.66017896
225,India,MADHYA PRADESH,Sehore ,77.0850781,23.205012,-89.11410376,-108.2677182
226,India,MADHYA PRADESH,Seoni ,79.5434841,22.0868691,-98.91880385,-88.20245552
227,India,MADHYA PRADESH,Shivpuri ,77.665066,25.4357869,-121.9164036,-113.8932859
228,India,MADHYA PRADESH,Singrauli ,82.6645469,24.1992101,-126.9476178,-72.74367273
229,India,MADHYA PRADESH,Ujjain ,75.7849097,23.1793013,-124.4876055,-61.86871694
230,India,MADHYA PRADESH,Vidisha ,77.8081363,23.5251102,-110.0622717,-77.10652258
231,India,MAHARASHTRA,Achalpur ,77.5086754,21.257584,-108.2144598,-118.7083686
232,India,MAHARASHTRA,Ahmadnagar ,74.7495916,19.0952075,-113.6345854,-108.610655
233,India,MAHARASHTRA,Barshi ,75.6941478,18.2333856,-109.6975951,-115.7509564
234,India,MAHARASHTRA,Bhiwandi ,73.0482912,19.2812547,-101.7454516,-117.7880165
235,India,MAHARASHTRA,Bhusawal ,75.8010962,21.0455204,-92.31715337,-72.14522647
236,India,MAHARASHTRA,Bid ,75.7600785,18.9890893,-91.10515538,-105.7601327
237,India,MAHARASHTRA,Chandrapur ,79.3014845,19.9704597,-127.4657402,-86.52497007
238,India,MAHARASHTRA,Dhule ,74.7748979,20.9042201,-92.03671899,-70.53787446
239,India,MAHARASHTRA,Gondiya ,80.2209773,21.4624491,-101.2850993,-98.02363255
240,India,MAHARASHTRA,Mumbai ,72.8777,19.076,-112.8290967,-90.40887365
241,India,MAHARASHTRA,Hinganghat ,78.8411405,20.5505728,-114.662268,-65.72804548
242,India,MAHARASHTRA,Ichalkaranji ,74.4560807,16.7090008,-88.76853823,-92.84537227
243,India,MAHARASHTRA,Jalgaon ,75.5626039,21.0076578,-101.3445293,-73.25003938
244,India,MAHARASHTRA,Jalna ,75.8800305,19.8296893,-107.0058553,-62.96131346
245,India,MAHARASHTRA,Kolhapur ,74.2432527,16.7049873,-136.1854682,-83.53627039
246,India,MAHARASHTRA,Latur ,76.5603828,18.4087934,-119.3747505,-92.25115082
247,India,MAHARASHTRA,Malegaon ,74.5100291,20.5547497,-115.8506302,-113.3799525
248,India,MAHARASHTRA,Mira Bhayander ,72.8543897,19.2952325,-104.9916498,-65.19491914
249,India,MAHARASHTRA,Nagpur ,79.0881546,21.1458004,-97.18682965,-85.32437736
250,India,MAHARASHTRA,Nanded Waghala ,77.303723,19.1428869,-136.2359014,-118.6551004
251,India,MAHARASHTRA,Nandurbar ,74.123996,21.7468548,-84.64005826,-66.61781501
252,India,MAHARASHTRA,Nashik ,73.7898023,19.9974533,-98.47635674,-86.11626839
253,India,MAHARASHTRA,Navi Mumbai ,73.0296625,19.0330488,-91.78890819,-94.66286114
254,India,MAHARASHTRA,Navi Mumbai Panvel Raigarh ,73.1175162,18.9894007,-135.5307499,-70.00267853
255,India,MAHARASHTRA,Osmanabad ,76.1783739,18.2069636,-96.11471585,-110.5038416
256,India,MAHARASHTRA,Panvel ,73.1175162,18.9894007,-115.053014,-119.2563562
257,India,MAHARASHTRA,Parbhani ,76.776665,19.2609958,-84.39667247,-95.34193618
258,India,MAHARASHTRA,Pimpri Chinchwad ,73.7997094,18.6297811,-131.2707685,-71.88576308
259,India,MAHARASHTRA,Pune ,73.8567437,18.5204303,-129.8531455,-75.75029041
260,India,MAHARASHTRA,Sangli Miraj Kupwad ,74.6049061,16.8541887,-120.5067939,-107.9523795
261,India,MAHARASHTRA,Satara ,74.018261,17.6804639,-126.0183318,-61.31766086
262,India,MAHARASHTRA,Solapur ,75.9063906,17.6599188,-120.1447073,-81.80493463
263,India,MAHARASHTRA,Thane ,72.9780897,19.2183307,-112.1527124,-104.3487463
264,India,MAHARASHTRA,Udgir ,77.1126009,18.3942882,-99.4659634,-112.6972472
265,India,MAHARASHTRA,Ulhasnagar ,73.1644628,19.2215115,-84.80306409,-110.5605572
266,India,MAHARASHTRA,Vasai Virar City ,72.8397317,19.3919275,-111.2763128,-98.84911188
267,India,MAHARASHTRA,Wardha ,78.6021946,20.745319,-119.6045527,-69.46064614
268,India,MAHARASHTRA,Yavatmal ,78.1204073,20.3887937,-126.1994781,-118.8898202
269,India,MANIPUR ,Imphal ,93.9368439,24.8170111,-123.2096939,-72.785432
270,India,MEGHALAYA,Shillong ,91.8848,25.5714,-109.3064038,-83.33315361
271,India,MIZORAM,Aizawl ,92.7176389,23.727107,-138.605957,-116.6638201
272,India,NAGALAND,Dimapur ,93.7536663,25.8629885,-138.1560266,-67.44749802
273,India,ORISSA,Baleshwar Town ,86.9246005,21.4869337,-98.03931348,-66.22918025
274,India,ORISSA,Baripada Town ,86.7516942,21.9322338,-95.7472514,-94.28328435
275,India,ORISSA,Bhadrak ,86.4958396,21.0582737,-86.40518226,-119.5069166
276,India,ORISSA,Bhubaneswar Town ,85.8245398,20.2960587,-124.3290535,-74.48688612
277,India,ORISSA,Brahmapur Town ,84.7940911,19.3149618,-114.5767159,-69.37297408
278,India,ORISSA,Cuttack ,85.8829895,20.462521,-118.3987342,-72.8608764
279,India,ORISSA,Puri ,85.8314655,19.8133822,-126.4942707,-95.46395252
280,India,ORISSA,Raurkela Industrial Township ,84.8620054,22.1993143,-91.84727607,-106.2751718
281,India,ORISSA,Raurkela Town ,84.8535844,22.260423,-83.8935023,-78.06491342
282,India,ORISSA,Sambalpur ,83.9811665,21.4668716,-85.14365673,-89.91837042
283,India,PUDUCHERRY,Ozhukarai ,79.7793932,11.9475611,-111.1472252,-62.10853044
284,India,PUDUCHERRY,Puducherry ,79.8144722,11.9138598,-117.028989,-107.3501861
285,India,PUNJAB,Abohar ,74.1993043,30.1452928,-115.9833901,-111.4278615
286,India,PUNJAB,Amritsar ,74.8722642,31.6339793,-117.4050596,-82.25780683
287,India,PUNJAB,Barnala ,75.5467979,30.3819446,-93.69491183,-72.14096604
288,India,PUNJAB,Batala ,75.2070644,31.8183238,-133.4594741,-80.1513219
289,India,PUNJAB,Bathinda ,74.9454745,30.210994,-134.8137273,-107.8198875
290,India,PUNJAB,Firozpur ,74.6224755,30.9331348,-138.8381759,-78.41375735
291,India,PUNJAB,Hoshiarpur ,75.911483,31.5143178,-85.71686122,-92.46907346
292,India,PUNJAB,Jalandhar ,75.5761829,31.3260152,-111.9468736,-71.0260673
293,India,PUNJAB,Khanna ,76.2112286,30.697852,-125.1618376,-94.34446014
294,India,PUNJAB,Ludhiana ,75.8572758,30.900965,-116.4700385,-108.079645
295,India,PUNJAB,Malerkotla ,75.8882508,30.5232076,-86.81026625,-63.49655294
296,India,PUNJAB,Moga ,75.1717093,30.8164603,-95.03827505,-110.4128514
297,India,PUNJAB,Muktsar ,74.511172,30.4766391,-91.63191024,-113.2981439
298,India,PUNJAB,Pathankot ,75.6421121,32.2643375,-137.5184432,-87.93824624
299,India,PUNJAB,Patiala ,76.3868797,30.3397809,-83.14316198,-61.60571426
300,India,PUNJAB,S.A.S. Nagar ,76.7567368,30.6496486,-92.16434869,-77.89492068
301,India,RAJASTHAN,Ajmer ,74.6399163,26.4498954,-138.9359387,-76.31061948
302,India,RAJASTHAN,Alwar ,76.6345735,27.5529907,-114.7588852,-78.60813164
303,India,RAJASTHAN,Banswara ,74.4349761,23.5461394,-107.4522584,-64.65685229
304,India,RAJASTHAN,Baran ,76.5131637,25.1011438,-84.67708422,-82.5380627
305,India,RAJASTHAN,Beawar ,74.3190747,26.1007337,-135.1338861,-116.7562579
306,India,RAJASTHAN,Bharatpur ,77.489515,27.216981,-102.4373089,-94.37420257
307,India,RAJASTHAN,Bhilwara ,74.586953,25.321377,-95.14520388,-75.18878371
308,India,RAJASTHAN,Bhiwadi ,76.8445999,28.2088218,-101.4512719,-102.5502079
309,India,RAJASTHAN,Bikaner ,73.3119159,28.0229348,-132.5970317,-86.25900181
310,India,RAJASTHAN,Bundi ,75.6499025,25.4305144,-111.4051198,-98.90703023
311,India,RAJASTHAN,Chittaurgarh ,74.6269216,24.8887435,-95.34333367,-70.92372369
312,India,RAJASTHAN,Churu ,74.9851678,28.3174965,-93.75472925,-118.3714182
313,India,RAJASTHAN,Dhaulpur ,77.893391,26.7025181,-133.0269255,-69.012069
314,India,RAJASTHAN,Ganganagar ,73.8771901,29.9038399,-91.25179253,-114.3070122
315,India,RAJASTHAN,Gangapur City ,76.7278803,26.4846537,-124.5639379,-75.95612637
316,India,RAJASTHAN,Hanumangarh ,74.3294199,29.5815012,-117.5123567,-105.9102009
317,India,RAJASTHAN,Hindaun ,77.0330481,26.7454967,-107.1188298,-78.19086316
318,India,RAJASTHAN,Jaipur ,75.7872709,26.9124336,-125.8148266,-117.7190743
319,India,RAJASTHAN,Jhunjhunun ,75.3995089,28.1288747,-106.5999221,-118.041352
320,India,RAJASTHAN,Jodhpur ,73.0243094,26.2389469,-116.266097,-103.6647239
321,India,RAJASTHAN,Kishangarh ,74.856397,26.5870344,-111.6662489,-64.76835484
322,India,RAJASTHAN,Kota ,75.8647527,25.2138156,-135.1767956,-115.1154592
323,India,RAJASTHAN,Nagaur ,73.740924,27.1991222,-112.5041123,-99.93249928
324,India,RAJASTHAN,Pali ,73.3234478,25.7710893,-134.0484918,-73.98387747
325,India,RAJASTHAN,Sawai Madhopur ,76.3521514,26.0377772,-85.33843426,-74.60917241
326,India,RAJASTHAN,Sikar ,75.139911,27.6094,-86.04932751,-109.097688
327,India,RAJASTHAN,Sujangarh ,74.4642861,27.7044756,-135.2660796,-92.36669888
328,India,RAJASTHAN,Tonk ,75.7894716,26.1620402,-130.3597495,-69.09650841
329,India,RAJASTHAN,Udaipur ,73.712479,24.585445,-90.32094464,-85.36538608
330,India,TAMIL NADU,Alandur ,80.2006371,12.9974873,-122.6421951,-93.47881423
331,India,TAMIL NADU,Ambattur ,80.1480551,13.1143167,-129.3533783,-60.70853578
332,India,TAMIL NADU,Ambur ,78.7166084,12.7903613,-80.21361228,-96.30936348
333,India,TAMIL NADU,Avadi ,80.0969511,13.1067448,-123.3686488,-104.6064933
334,India,TAMIL NADU,Chennai ,80.2707184,13.0826802,-132.5613265,-110.0169496
335,India,TAMIL NADU,Coimbatore ,76.9558321,11.0168445,-116.412322,-76.86601482
336,India,TAMIL NADU,Cuddalore ,79.7680243,11.744699,-99.19330912,-109.3113275
337,India,TAMIL NADU,Dindigul ,77.9802906,10.3673123,-102.4160946,-97.72712836
338,India,TAMIL NADU,Erode ,77.7171642,11.3410364,-91.40945998,-116.823633
339,India,TAMIL NADU,Hosur ,77.8252923,12.7409127,-101.3662075,-69.67570729
340,India,TAMIL NADU,Kancheepuram ,79.7036402,12.8341735,-130.1819025,-66.35069882
341,India,TAMIL NADU,Karaikkudi ,78.7801544,10.0731315,-83.68395421,-119.3172609
342,India,TAMIL NADU,Kumbakonam ,79.3881132,10.9616945,-127.686787,-115.3734224
343,India,TAMIL NADU,Kurichi ,77.6966143,11.5707716,-90.75480252,-91.81327565
344,India,TAMIL NADU,Madavaram ,80.2309861,13.147819,-126.2122008,-93.2923629
345,India,TAMIL NADU,Madurai ,78.1197754,9.9252007,-125.7171796,-67.35984029
346,India,TAMIL NADU,Nagapattinam ,79.8423888,10.7656082,-104.8912041,-78.9276853
347,India,TAMIL NADU,Nagercoil ,77.4118996,8.1832857,-111.7977793,-91.23829793
348,India,TAMIL NADU,Neyveli ,79.4760133,11.5432364,-89.51909703,-91.76020128
349,India,TAMIL NADU,Pallavaram ,80.1526888,12.9673484,-112.6658408,-66.14822263
350,India,TAMIL NADU,Pudukkottai ,78.8208454,10.379663,-126.4877954,-61.55117521
351,India,TAMIL NADU,Rajapalayam ,77.5275463,9.4653377,-105.7412989,-88.42566496
352,India,TAMIL NADU,Salem ,78.1460142,11.664325,-139.7440747,-83.19121119
353,India,TAMIL NADU,Tambaram ,80.1274558,12.9229153,-137.0705552,-98.09770855
354,India,TAMIL NADU,Thanjavur ,79.1378274,10.7869994,-114.1918773,-68.65388641
355,India,TAMIL NADU,Thoothukkudi ,78.1348361,8.7641661,-124.8149654,-77.33722649
356,India,TAMIL NADU,Tiruchirappalli ,78.7046725,10.7904833,-105.6133896,-65.37692611
357,India,TAMIL NADU,Tirunelveli ,77.7566523,8.7139126,-107.6773115,-100.3820223
358,India,TAMIL NADU,Tiruppur ,77.3410656,11.1085242,-81.51005182,-74.88172741
359,India,TAMIL NADU,Tiruvannamalai ,79.0746957,12.2252841,-95.9170772,-91.78140619
360,India,TAMIL NADU,Tiruvottiyur ,80.3045793,13.1691914,-95.46578564,-104.3143894
361,India,TAMIL NADU,Vellore ,79.1324986,12.9165167,-130.6481519,-108.6304905
362,India,TRIPURA,Agartala ,91.2867777,23.831457,-126.9334242,-73.52357032
363,India,UTTAR PRADESH,Agra ,78.0080745,27.1766701,-109.8096816,-108.5022959
364,India,UTTAR PRADESH,Akbarpur ,82.5537514,26.4407468,-121.7964141,-112.3836101
365,India,UTTAR PRADESH,Aligarh ,78.0880129,27.8973944,-130.0918856,-108.3135312
366,India,UTTAR PRADESH,Allahabad ,81.846311,25.4358011,-97.66318226,-61.98705968
367,India,UTTAR PRADESH,Amroha ,78.4673426,28.9043537,-84.46315639,-102.4398484
368,India,UTTAR PRADESH,Azamgarh ,83.1859458,26.0737044,-110.7847692,-108.9497447
369,India,UTTAR PRADESH,Bahraich ,81.4278984,27.7525271,-96.22353958,-69.19374584
370,India,UTTAR PRADESH,Ballia ,84.1487319,25.7584381,-114.3496205,-60.74940995
371,India,UTTAR PRADESH,Banda ,80.3380213,25.4796224,-137.0866835,-76.47434966
372,India,UTTAR PRADESH,Baraut ,77.2606149,29.0998902,-118.0018364,-103.8816738
373,India,UTTAR PRADESH,Bareilly ,79.4304381,28.3670355,-98.63343675,-114.6389367
374,India,UTTAR PRADESH,Basti ,82.7633133,26.8176796,-83.44906434,-119.6487644
375,India,UTTAR PRADESH,Budaun ,79.1205419,28.0337088,-83.39503912,-73.447192
376,India,UTTAR PRADESH,Bulandshahr ,77.8498292,28.406963,-83.65371937,-102.4793004
377,India,UTTAR PRADESH,Chandausi ,78.7796105,28.4480507,-116.5814462,-113.6303633
378,India,UTTAR PRADESH,Deoria ,83.804868,26.4270039,-83.26718135,-92.6954415
379,India,UTTAR PRADESH,Etah ,78.662567,27.5587505,-133.5780276,-87.57878269
380,India,UTTAR PRADESH,Etawah ,79.1096901,26.8458148,-88.0828284,-65.36303241
381,India,UTTAR PRADESH,Faizabad ,82.1441643,26.7732476,-89.01304451,-71.96186381
382,India,UTTAR PRADESH,Farrukhabad-cum-Fatehgarh ,79.5940544,27.3826126,-101.7199837,-106.2553439
383,India,UTTAR PRADESH,Fatehpur ,80.8986502,25.8499808,-131.0295261,-76.27120852
384,India,UTTAR PRADESH,Firozabad ,78.3957574,27.1591006,-85.57674234,-60.24571721
385,India,UTTAR PRADESH,Ghazipur ,83.5770202,25.5840419,-85.25422317,-73.3551383
386,India,UTTAR PRADESH,Gonda ,81.9618968,27.1339913,-92.11336278,-109.0206769
387,India,UTTAR PRADESH,Gorakhpur ,83.3731675,26.7605545,-138.2541964,-114.3091083
388,India,UTTAR PRADESH,Noida ,77.5039904,28.4743879,-135.5367803,-108.1915038
389,India,UTTAR PRADESH,Hapur ,77.7758825,28.7305798,-122.0666821,-68.60617782
390,India,UTTAR PRADESH,Hardoi ,80.1875065,27.2978965,-109.2996996,-60.75934718
391,India,UTTAR PRADESH,Hathras ,78.0537813,27.6056212,-107.6196474,-83.72043879
392,India,UTTAR PRADESH,Jaunpur ,82.6987002,25.7490034,-82.4111332,-69.44640027
393,India,UTTAR PRADESH,Jhansi ,78.5684594,25.4484257,-82.53182388,-76.06569023
394,India,UTTAR PRADESH,Kanpur ,80.3318736,26.449923,-133.435986,-105.5364482
395,India,UTTAR PRADESH,Kanpur City,80.3318736,26.449923,-119.7223505,-88.55241906
396,India,UTTAR PRADESH,Kasganj ,78.649785,27.8129344,-128.1254005,-72.50087112
397,India,UTTAR PRADESH,Khora ,77.3999054,28.753915,-93.20159923,-63.06561286
398,India,UTTAR PRADESH,Khurja ,77.8538797,28.2513538,-129.1370209,-64.34562711
399,India,UTTAR PRADESH,Lakhimpur ,80.7824012,27.9490794,-113.6824066,-73.26845122
400,India,UTTAR PRADESH,Lalitpur ,78.4120206,24.6878597,-120.383945,-81.64998231
401,India,UTTAR PRADESH,Loni ,77.3008506,28.7316438,-80.50594159,-117.1397383
402,India,UTTAR PRADESH,Lucknow ,80.946166,26.8466937,-89.35071211,-67.32650318
403,India,UTTAR PRADESH,Mainpuri ,79.1096901,27.2177405,-138.9631406,-104.4045054
404,India,UTTAR PRADESH,Mathura ,77.673673,27.4924134,-95.14937834,-89.58556172
405,India,UTTAR PRADESH,Maunath Bhanjan ,83.5586445,25.9496379,-115.2646439,-102.3444858
406,India,UTTAR PRADESH,Meerut ,77.7064137,28.9844618,-132.4933376,-72.79599781
407,India,UTTAR PRADESH,Noida ,77.3910265,28.5355161,-96.01402199,-105.4112803
408,India,UTTAR PRADESH,Orai ,79.4478858,26.00864,-123.0726722,-87.3282226
409,India,UTTAR PRADESH,Pilibhit ,79.8128649,28.6207939,-137.9050945,-84.00551771
410,India,UTTAR PRADESH,Rae Bareli ,81.2408689,26.2345298,-87.41511782,-113.728239
411,India,UTTAR PRADESH,Rampur ,82.5916032,25.4842209,-89.43239337,-85.26767891
412,India,UTTAR PRADESH,Saharanpur ,77.5510172,29.967079,-131.0187495,-106.8713974
413,India,UTTAR PRADESH,Sambhal ,78.5717631,28.5903614,-131.2926498,-90.78595193
414,India,UTTAR PRADESH,Shahjahanpur ,79.8296743,27.8295801,-105.3923435,-78.13759737
415,India,UTTAR PRADESH,Shamli ,77.3152116,29.4507575,-109.6246184,-101.6934087
416,India,UTTAR PRADESH,Shikohabad ,78.5881674,27.1061756,-86.71209149,-110.2912961
417,India,UTTAR PRADESH,Sitapur ,80.8986502,27.5325072,-82.32328659,-114.5537666
418,India,UTTAR PRADESH,Sultanpur ,82.0727061,26.2647757,-122.5038198,-85.58656163
419,India,UTTAR PRADESH,Unnao ,80.4878195,26.5393449,-137.6040556,-78.53135234
420,India,UTTAR PRADESH,Varanasi ,82.9739144,25.3176452,-106.1870214,-102.4787393
421,India,UTTARAKHAND,Dehradun ,78.0321918,30.3164945,-121.7151087,-108.516824
422,India,UTTARAKHAND,Haldwani ,79.5129767,29.2182644,-117.0739368,-104.679973
423,India,UTTARAKHAND,Hardwar ,78.1642478,29.9456906,-89.58307246,-99.76741526
424,India,UTTARAKHAND,Kashipur ,78.9618845,29.2104232,-117.4657034,-69.87970553
425,India,UTTARAKHAND,Roorkee ,77.8880002,29.8542626,-97.96843793,-108.9878948
426,India,UTTARAKHAND,Rudrapur ,79.4141214,28.9875082,-96.78963576,-102.4818101
427,India,WEST BENGAL,Asansol ,86.9523954,23.6739452,-118.6323733,-86.38197599
428,India,WEST BENGAL,Ashoknagar Kalyangarh ,88.6241351,22.84039,-135.9623573,-89.31087278
429,India,WEST BENGAL,Baharampur ,88.2679264,24.0988265,-100.8680271,-72.09142407
430,India,WEST BENGAL,Baidyabati ,88.3190717,22.795783,-132.4596669,-81.72402677
431,India,WEST BENGAL,Bally ,88.3423199,22.6500518,-86.92238554,-100.9284238
432,India,WEST BENGAL,Bally City,88.3423199,22.6500518,-132.1393721,-109.7522094
433,India,WEST BENGAL,Balurghat ,88.7830612,25.2372834,-135.9888717,-84.15966117
434,India,WEST BENGAL,Bankura ,87.0786044,23.2324146,-119.4936789,-84.70427953
435,India,WEST BENGAL,Bansberia ,88.4070629,22.951904,-90.50058237,-112.7945483
436,India,WEST BENGAL,Baranagar ,88.3654386,22.6383016,-94.09498137,-87.99614777
437,India,WEST BENGAL,Barasat ,88.480552,22.7228159,-116.9639427,-102.5140578
438,India,WEST BENGAL,Barddhaman ,87.8614793,23.2324214,-123.5341246,-81.79203808
439,India,WEST BENGAL,Barrackpur ,88.3883455,22.7674278,-97.99491854,-69.1427851
440,India,WEST BENGAL,Basirhat ,88.8671766,22.6574017,-129.5215559,-60.26859048
441,India,WEST BENGAL,Bhadreswar ,88.3456516,22.8275529,-109.272933,-107.9290495
442,India,WEST BENGAL,Bhatpara ,88.406454,22.8562412,-120.831902,-73.98354624
443,India,WEST BENGAL,Bidhan Nagar ,88.4170988,22.5867296,-94.53332821,-95.67877034
444,India,WEST BENGAL,Bongaon ,88.827703,23.0440381,-111.9176765,-69.18236671
445,India,WEST BENGAL,Champdani ,88.3409338,22.8049456,-128.6817552,-64.64656674
446,India,WEST BENGAL,Chandannagar ,88.36326,22.8647723,-85.12907018,-84.29828813
447,India,WEST BENGAL,Dabgram ,88.4415998,26.6954603,-83.91253075,-71.16218629
448,India,WEST BENGAL,Darjiling ,88.2626751,27.0360066,-85.49601666,-89.4385423
449,India,WEST BENGAL,Dum Dum ,88.431683,22.6470514,-127.8665062,-106.0264217
450,India,WEST BENGAL,Durgapur ,87.3119227,23.5204443,-117.1335129,-78.92394227
451,India,WEST BENGAL,English Bazar ,88.1410967,25.0108408,-123.3530338,-83.19636537
452,India,WEST BENGAL,Habra ,88.6639591,22.8488542,-111.8054796,-85.37822684
453,India,WEST BENGAL,Haldia ,88.0698118,22.0666742,-131.8112043,-78.94898858
454,India,WEST BENGAL,Halisahar ,88.4193259,22.9441261,-130.4302538,-75.04920332
455,India,WEST BENGAL,Haora ,88.2636394,22.5957689,-103.1068364,-103.2014366
456,India,WEST BENGAL,Hugli-Chinsurah ,88.3919026,22.8858771,-117.4483533,-95.777424
457,India,WEST BENGAL,Jalpaiguri ,88.7205256,26.5434772,-84.84712356,-93.47796113
458,India,WEST BENGAL,Jamuria ,87.0774107,23.7060688,-95.64006566,-114.6342824
459,India,WEST BENGAL,Kalyani ,88.4345078,22.9750855,-133.3883108,-96.96767787
460,India,WEST BENGAL,Kamarhati ,88.3706491,22.6846668,-121.7340785,-73.84092875
461,India,WEST BENGAL,Kanchrapara ,88.4335019,22.944101,-97.42901593,-108.8521221
462,India,WEST BENGAL,Kharagpur ,87.2319753,22.34601,-81.84266271,-94.52527778
463,India,WEST BENGAL,Khardaha ,88.3753455,22.7002943,-83.02183935,-107.2960916
464,India,WEST BENGAL,Kolkata ,88.363895,22.572646,-94.2003735,-86.94415722
465,India,WEST BENGAL,Krishnanagar ,88.5013962,23.4008744,-88.92870436,-70.09391665
466,India,WEST BENGAL,Kulti ,86.8370937,23.7370306,-99.24513154,-66.70898026
467,India,WEST BENGAL,Madhyamgram ,88.465448,22.6925015,-117.2558324,-82.65622553
468,India,WEST BENGAL,Maheshtala ,88.2509941,22.511976,-113.6947741,-73.45115031
469,India,WEST BENGAL,Medinipur ,87.3214908,22.4308892,-112.8099042,-87.28491574
470,India,WEST BENGAL,Nabadwip ,88.3676393,23.4036446,-118.3799004,-106.6284976
471,India,WEST BENGAL,Naihati ,88.4220324,22.8928724,-123.8157374,-112.0261932
472,India,WEST BENGAL,North Barrackpur ,88.367179,22.7902358,-103.8477723,-92.9309854
473,India,WEST BENGAL,North Dum Dum ,88.4258483,22.6658076,-125.2707538,-71.72136429
474,India,WEST BENGAL,Panihati ,88.3991789,22.6983108,-99.23890584,-99.25570306
475,India,WEST BENGAL,Puruliya ,86.365208,23.3320779,-92.73566045,-92.20879132
476,India,WEST BENGAL,Raiganj ,88.1255837,25.6185295,-99.42551801,-69.64165736
477,India,WEST BENGAL,Rajarhat Gopalpur ,88.4540911,22.6321975,-117.575356,-118.2853563
478,India,WEST BENGAL,Rajpur Sonarpur ,88.3914731,22.4490894,-109.4734376,-75.41831714
479,India,WEST BENGAL,Raniganj ,87.0923906,23.6290575,-98.12408531,-76.04763596
480,India,WEST BENGAL,Rishra ,88.3287896,22.7244023,-128.6070737,-105.9133027
481,India,WEST BENGAL,Santipur ,88.4380966,23.2645399,-83.66310116,-104.5177352
482,India,WEST BENGAL,Serampore ,88.3385053,22.748331,-110.2006632,-102.3034397
483,India,WEST BENGAL,Siliguri ,88.3952861,26.7271012,-103.1959318,-111.5916672
484,India,WEST BENGAL,South Dum Dum ,88.3967536,22.6059435,-80.78980982,-75.55290726
485,India,WEST BENGAL,Titagarh ,88.3737064,22.7382665,-104.4938878,-102.0425319
486,India,WEST BENGAL,Uluberia ,88.1000377,22.4744363,-129.8095892,-87.69518145
487,India,WEST BENGAL,Uttarpara Kotrung ,88.3385053,22.6768451,-95.99433859,-105.0904954
488,India,WEST BENGAL,Titagarh ,88.3737064,22.7382665,-104.4938878,-102.0425319
489,India,WEST BENGAL,Uluberia ,88.1000377,22.4744363,-129.8095892,-87.69518145
490,India,WEST BENGAL,Uttarpara Kotrung ,88.3385053,22.6768451,-95.99433859,-105.0904954
491,India,WEST BENGAL,Uluberia ,88.1000377,22.4744363,-129.8095892,-87.69518145
492,India,WEST BENGAL,Uttarpara Kotrung ,88.3385053,22.6768451,-95.99433859,-105.0904954
493,India,WEST BENGAL,Titagarh ,88.3737064,22.7382665,-104.4938878,-102.0425319
494,India,WEST BENGAL,Uluberia ,88.1000377,22.4744363,-129.8095892,-87.69518145
495,India,WEST BENGAL,Uttarpara Kotrung ,88.3385053,22.6768451,-95.99433859,-105.0904954
496,India,WEST BENGAL,Uttarpara Kotrung ,88.3385053,22.6768451,-95.99433859,-105.0904954
497,India,WEST BENGAL,Uluberia ,88.1000377,22.4744363,-129.8095892,-87.69518145
498,India,WEST BENGAL,Uttarpara Kotrung ,88.3385053,22.6768451,-95.99433859,-105.0904954
499,India,WEST BENGAL,Uttarpara Kotrung ,88.3385053,22.6768451,-95.99433859,-105.0904954