Jio_Centre,State,Latitude,Longitude,4G,5G
Port Blair ,ANDAMAN & NICOBAR,11.6233774,92.7264828,-120.7708116,-118.6465802
Adilabad ,ANDHRA PRADESH,19.0809075,79.560344,-103.0354908,-99.57983562
Adoni ,ANDHRA PRADESH,15.6322227,77.2728368,-99.46065397,-64.30415758
Anantapur ,ANDHRA PRADESH,14.6818877,77.6005911,-102.0379416,-82.36800144
Bhimavaram ,ANDHRA PRADESH,16.544893,81.521241,-112.3693752,-62.57456608
Chilakaluripet ,ANDHRA PRADESH,16.0924301,80.1623948,-139.1002751,-74.67882701
Chittoor ,ANDHRA PRADESH,13.2218054,79.1010442,-102.2173818,-99.94548867
Dharmavaram ,ANDHRA PRADESH,14.4137447,77.7126189,-91.59926677,-107.0467804
Eluru ,ANDHRA PRADESH,16.7106604,81.0952431,-121.30897,-84.95949938
Greater Hyderabad ,ANDHRA PRADESH,17.385,78.4867,-108.8544319,-79.75784668
Gudivada ,ANDHRA PRADESH,16.4410255,80.9926327,-96.80804498,-103.0601666
Guntakal ,ANDHRA PRADESH,15.1674091,77.3736238,-100.8929632,-85.8387716
Guntur ,ANDHRA PRADESH,16.3066525,80.4365402,-91.33823122,-94.43902097
Hindupur ,ANDHRA PRADESH,13.8185378,77.4988753,-127.394828,-101.3937261
Kadapa ,ANDHRA PRADESH,14.4673541,78.8241339,-128.1165046,-72.78674692
Kakinada ,ANDHRA PRADESH,16.9890648,82.2474648,-131.0153267,-92.85078606
Karimnagar ,ANDHRA PRADESH,18.4385553,79.1288412,-91.38384313,-63.37107264
Khammam ,ANDHRA PRADESH,17.2472528,80.1514447,-135.2884277,-117.8050417
Kurnool ,ANDHRA PRADESH,15.8281257,78.0372792,-132.189152,-73.17624615
Machilipatnam ,ANDHRA PRADESH,16.1905457,81.1361543,-84.66775425,-102.8926349
Madanapalle ,ANDHRA PRADESH,13.5603491,78.5036065,-111.27805,-107.1532194
Mahbubnagar ,ANDHRA PRADESH,16.7375089,78.0081221,-86.30927806,-69.50739155
Miryalaguda ,ANDHRA PRADESH,16.8753106,79.5659633,-92.74187191,-119.4836294
Nalgonda ,ANDHRA PRADESH,17.0575707,79.2620294,-101.2362781,-111.6705573
Nandyal ,ANDHRA PRADESH,15.4785694,78.4830934,-106.3362662,-73.4304691
Narasaraopet ,ANDHRA PRADESH,16.2353506,80.0479039,-118.0299083,-94.98414334
Nellore ,ANDHRA PRADESH,14.4425987,79.986456,-117.2148287,-69.5138744
Nizamabad ,ANDHRA PRADESH,18.6725047,78.0940867,-102.2211081,-96.40802787
Ongole ,ANDHRA PRADESH,15.5057232,80.049922,-113.6938938,-62.35767669
Proddatur ,ANDHRA PRADESH,14.7491864,78.5531577,-85.52214572,-112.1198262
Rajahmundry ,ANDHRA PRADESH,17.0005383,81.8040345,-87.33701604,-102.0296898
Ramagundam ,ANDHRA PRADESH,18.7595503,79.4816378,-116.9186076,-63.69389162
Secunderabad ,ANDHRA PRADESH,17.4399295,78.4982741,-129.2891884,-106.8052152
Srikakulam ,ANDHRA PRADESH,18.4285005,84.0167423,-120.6811911,-78.30813715
Suryapet ,ANDHRA PRADESH,17.1353148,79.6333674,-87.99817807,-73.45049897
Tadepalligudem ,ANDHRA PRADESH,16.8138415,81.521241,-94.15566769,-77.92144844
Tadpatri ,ANDHRA PRADESH,14.9070274,78.0092703,-123.5973178,-60.5929994
Tenali ,ANDHRA PRADESH,16.2395313,80.6493396,-118.5012347,-77.88188765
Tirupati ,ANDHRA PRADESH,13.6287557,79.4191795,-111.7797719,-88.5585647
Vijayawada ,ANDHRA PRADESH,16.5061743,80.6480153,-107.929884,-79.21439678
Visakhapatnam,ANDHRA PRADESH,17.6868,83.2185,-97.13877673,-86.23787431
Vizianagaram ,ANDHRA PRADESH,18.1066576,83.3955506,-110.3279391,-109.3025505
Warangal ,ANDHRA PRADESH,17.9689008,79.5940544,-100.6392837,-103.3362606
Pasighat,ARUNACHAL PRADESH,28.0667,95.3333,-88.67077702,-63.23375026
Tawang,ARUNACHAL PRADESH,27.5875,91.8661,-129.0068545,-107.8786975
Ziro,ARUNACHAL PRADESH,27.6215,93.8237,-101.2839043,-60.57997225
Itanagar,ARUNACHAL PRADESH,27.102,93.692,-95.76632041,-103.5671193
Dibrugarh ,ASSAM,27.4728327,94.9119621,-89.60613338,-112.0187078
Guwahati ,ASSAM,26.1445169,91.7362365,-113.7831444,-111.6259906
Nagaon ,ASSAM,26.3463713,92.6840426,-113.9700484,-108.3843
Silchar ,ASSAM,24.8332708,92.7789054,-111.2113146,-63.11898314
Arrah ,BIHAR,25.5560443,84.6603307,-116.0622439,-116.5054704
Aurangabad ,BIHAR,24.7457189,84.3804888,-90.43915645,-71.08622799
Bagaha ,BIHAR,27.1221959,84.0722375,-110.8906835,-118.2270656
Begusarai ,BIHAR,25.416675,86.1293792,-122.2994114,-99.94495707
Bettiah ,BIHAR,26.8028048,84.5169757,-104.2167325,-100.7530474
Bhagalpur ,BIHAR,25.3478004,86.9824288,-121.3363418,-70.16131928
Biharsharif ,BIHAR,25.1982147,85.5148735,-122.679553,-116.0806338
Buxar ,BIHAR,25.4987785,84.1435136,-115.0121488,-100.5950281
Chapra ,BIHAR,25.7795649,84.7498886,-90.33701026,-106.3539972
Darbhanga ,BIHAR,26.111868,85.896004,-110.0048806,-90.73197891
Dehri ,BIHAR,24.9277351,84.1909841,-121.6616673,-108.4542244
Dinapur Nizamat ,BIHAR,25.6328264,85.0597137,-87.99447409,-119.087027
Gaya ,BIHAR,24.7954523,84.999431,-87.89304628,-98.51984122
Hajipur ,BIHAR,25.6858392,85.2145907,-98.02145209,-113.8969306
Jamalpur ,BIHAR,25.312717,86.4906091,-98.36126298,-113.2052595
Jehanabad ,BIHAR,25.1515827,84.981754,-118.6724761,-90.73927274
Katihar ,BIHAR,25.552048,87.5718609,-127.9408332,-114.3429537
Kishanganj ,BIHAR,26.0917422,87.9383822,-86.49991462,-118.8975267
Motihari ,BIHAR,26.6469624,84.9088938,-111.3726601,-68.11702473
Munger ,BIHAR,25.3747561,86.4735251,-139.328719,-107.3070396
Muzaffarpur ,BIHAR,26.1208876,85.3647201,-88.26523566,-89.02788176
Patna ,BIHAR,25.5940947,85.1375645,-108.3685157,-108.33349
Purnia ,BIHAR,25.7771391,87.4752551,-129.5423512,-99.81147627
Saharsa ,BIHAR,25.8834961,86.6006249,-87.43654368,-95.91872958
Sasaram ,BIHAR,24.949036,84.0314295,-128.5305962,-108.7171929
Siwan ,BIHAR,26.2196205,84.3566593,-116.205839,-64.3467241
Chandigarh ,CHANDIGARH,30.7333148,76.7794179,-110.6996652,-90.13876872
Ambikapur ,CHHATTISGARH,23.1354921,83.1817856,-139.8597946,-83.06403555
Bhilai Nagar ,CHHATTISGARH,21.1938475,81.3509416,-131.9108112,-96.16580068
Bilaspur ,CHHATTISGARH,22.0796251,82.1391412,-127.861542,-97.27945514
Durg ,CHHATTISGARH,21.1904494,81.2849169,-139.5542531,-95.21770665
Jagdalpur ,CHHATTISGARH,19.0740973,82.008014,-109.8832847,-114.4607171
Korba ,CHHATTISGARH,22.3594501,82.7500595,-138.7730229,-111.3623304
Raigarh ,CHHATTISGARH,21.8974003,83.3949632,-105.6307374,-96.51087729
Raipur ,CHHATTISGARH,21.2513844,81.6296413,-118.5907153,-101.2657208
Rajnandgaon ,CHHATTISGARH,21.0971034,81.0302222,-87.70337256,-95.55395937
Bhalswa Jahangir Pur ,DELHI,28.757322,77.1544,-126.5217347,-93.92487075
Burari ,DELHI,28.7535212,77.1948241,-106.6050011,-119.0612779
Dallo Pura ,DELHI,28.6004677,77.319462,-115.3720306,-95.24623156
Delhi ,DELHI,28.7041,77.1025,-92.11838331,-74.99629487
Delhi Cantonment ,DELHI,28.5961279,77.1587375,-131.1804788,-110.4030342
Deoli ,DELHI,28.4962152,77.2376414,-112.794083,-64.81400896
Gokal Pur ,DELHI,28.703423,77.2840105,-100.1380903,-103.1983046
Hastsal ,DELHI,28.6377129,77.0490264,-111.34992,-67.9942044
Karawal Nagar ,DELHI,28.7283102,77.276926,-133.6978391,-76.39809577
Kirari Suleman Nagar ,DELHI,28.6967948,77.0643614,-95.21215111,-104.6041198
Mandoli ,DELHI,28.7041396,77.313921,-88.93682151,-61.45654384
Mustafabad ,DELHI,28.7113968,77.2681086,-111.2412467,-116.6584531
Nangloi Jat ,DELHI,28.6841206,77.0632942,-103.5750636,-95.90858109
New Delhi ,DELHI,28.6139,77.209,-119.1755729,-79.09908286
Sultan Pur Majra ,DELHI,28.6958531,77.0805496,-80.9148643,-102.8979158
Ahmadabad ,GUJARAT,23.022505,72.5713621,-86.56625065,-113.212776
Amreli ,GUJARAT,21.6031774,71.2220832,-83.56416411,-105.7443238
Anand ,GUJARAT,22.5645175,72.928871,-86.17755094,-99.73251989
Bharuch ,GUJARAT,21.7051358,72.9958748,-128.118551,-71.81181256
Bhavnagar ,GUJARAT,21.7644725,72.1519304,-89.13347604,-102.7643064
Bhuj ,GUJARAT,23.2419997,69.6669324,-94.22350264,-89.46811284
Botad ,GUJARAT,22.1704232,71.6684269,-135.5397457,-81.2547595
Deesa ,GUJARAT,24.2585031,72.1906721,-123.5265993,-118.0991637
Gandhidham ,GUJARAT,23.075297,70.133673,-86.43392012,-81.61733166
Gandhinagar ,GUJARAT,23.2156354,72.6369415,-115.155002,-104.8743816
Godhra ,GUJARAT,22.7788044,73.6142795,-103.3035401,-96.3311118
Gondal ,GUJARAT,21.9619463,70.792297,-139.7448433,-96.45895247
Jamnagar ,GUJARAT,22.4707019,70.05773,-138.2242669,-90.06818358
Jetpur Navagadh ,GUJARAT,21.7615246,70.6276279,-124.7471959,-94.40236835
Junagadh ,GUJARAT,21.522184,70.4578768,-85.01517872,-119.4602565
Kalol ,GUJARAT,23.2463895,72.5086513,-106.9530952,-72.30677749
Mahesana ,GUJARAT,23.5879607,72.3693252,-113.6058406,-84.73717116
Morvi ,GUJARAT,22.8119895,70.8236195,-105.9498519,-73.84825994
Nadiad ,GUJARAT,22.6915853,72.8633635,-82.87820473,-111.210637
Navsari ,GUJARAT,20.9467019,72.9520348,-122.274374,-113.0601874
Palanpur ,GUJARAT,24.174051,72.4330989,-110.8504526,-113.3920368
Patan ,GUJARAT,23.8493246,72.1266255,-129.0790872,-102.106743
Porbandar ,GUJARAT,21.6417069,69.6292654,-108.780318,-112.0339323
Rajkot ,GUJARAT,22.3038945,70.8021599,-96.65007234,-119.8988682
Surat ,GUJARAT,21.1702401,72.8310607,-103.7310393,-66.54397243
Surendranagar Dudhrej ,GUJARAT,22.7201319,71.649536,-98.74790899,-87.03276728
Vadodara ,GUJARAT,22.3071588,73.1812187,-81.99575195,-81.11897212
Valsad ,GUJARAT,20.5992349,72.9342451,-128.7215838,-111.8269181
Veraval ,GUJARAT,20.9158979,70.3628516,-107.3838547,-64.96759156
Ambala ,HARYANA,30.3781788,76.7766974,-116.5131823,-64.07455867
Ambala Sadar ,HARYANA,30.3248708,76.8432663,-107.1538913,-70.41245494
Bahadurgarh ,HARYANA,28.6924464,76.9239727,-94.83631465,-75.91688135
Bhiwani ,HARYANA,28.7751693,75.9927652,-109.332516,-61.94147555
Faridabad ,HARYANA,28.4089123,77.3177894,-99.06354801,-78.7812349
Gurgaon ,HARYANA,28.4594965,77.0266383,-127.7139732,-81.77710356
Hisar ,HARYANA,29.1491875,75.7216527,-111.430344,-93.58173575
Jagadhri ,HARYANA,30.1680858,77.2969204,-131.6691442,-68.88523747
Jind ,HARYANA,29.3211153,76.3058328,-130.7132372,-63.64773369
Kaithal ,HARYANA,29.7856734,76.3984537,-93.71112736,-68.27769791
Karnal ,HARYANA,29.6856929,76.9904825,-94.28197326,-92.26286908
Palwal ,HARYANA,28.1487362,77.3320262,-109.9984554,-62.80436779
Panchkula ,HARYANA,30.6942091,76.860565,-89.9368493,-82.22107606
Panipat ,HARYANA,29.3909464,76.9635023,-83.84350928,-118.2667318
Rewari ,HARYANA,28.1927631,76.6239423,-85.55827508,-85.41325512
Rohtak ,HARYANA,28.8955152,76.606611,-107.8806638,-65.37402434
Sirsa ,HARYANA,29.5335931,75.0177029,-113.6646355,-92.35762969
Sonipat ,HARYANA,28.9287735,77.091281,-117.638657,-86.61177151
Thanesar ,HARYANA,29.9696148,76.8197522,-125.1735466,-62.42804862
Yamunanagar ,HARYANA,30.1290485,77.2673901,-112.3453537,-102.8328776
Shimla ,HIMACHAL PRADESH,31.1048145,77.1734033,-115.2333871,-111.1619876
Anantnag ,JAMMU & KASHMIR,33.7311255,75.1487007,-125.9568671,-65.63887982
Jammu ,JAMMU & KASHMIR,32.7266016,74.8570259,-123.98697,-87.39081384
Srinagar ,JAMMU & KASHMIR,34.0836708,74.7972825,-117.6024535,-104.9991427
Adityapur ,JHARKHAND,22.7834741,86.1576889,-134.0181977,-62.1626831
Bokaro Steel City ,JHARKHAND,23.6692956,86.151112,-137.5179855,-119.7814608
Chas ,JHARKHAND,23.6388375,86.1700894,-131.8329137,-83.47503598
Deoghar ,JHARKHAND,24.4763201,86.6913222,-122.2145479,-61.40291559
Dhanbad ,JHARKHAND,23.7956531,86.4303859,-136.7369773,-98.55906482
Giridih ,JHARKHAND,24.2841482,86.0937312,-112.4424902,-78.07892905
Hazaribag ,JHARKHAND,23.9966213,85.3691068,-97.17989342,-63.69604474
Jamshedpur ,JHARKHAND,22.8045665,86.2028754,-95.46626246,-61.99539187
Mango ,JHARKHAND,22.834024,86.219577,-98.4983022,-110.4513896
Ranchi ,JHARKHAND,23.3440997,85.309562,-95.19610894,-88.14930533
Bagalkot ,KARNATAKA,16.1725355,75.6557206,-84.88427966,-67.20574799
Belgaum ,KARNATAKA,15.8496953,74.4976741,-85.61708997,-85.38764812
Bellary ,KARNATAKA,15.1393932,76.9214428,-82.56354498,-95.22397752
Bengaluru,KARNATAKA,12.9716,77.5946,-112.8961137,-107.7741596
Bhadravati ,KARNATAKA,13.8329901,75.7080727,-94.66436639,-108.7810545
Bidar ,KARNATAKA,17.9148799,77.5046101,-113.8503798,-99.74914497
Bijapur ,KARNATAKA,16.8301708,75.710031,-93.73601586,-64.94239975
Chikmagalur ,KARNATAKA,13.315258,75.7754018,-82.97892905,-81.82598236
Chitradurga ,KARNATAKA,14.2305594,76.3984537,-114.1783959,-101.7091959
Davanagere ,KARNATAKA,14.4663438,75.9238397,-117.1971106,-76.35918889
Gadag-Betigeri ,KARNATAKA,15.4324651,75.6380337,-97.64755667,-72.5437365
Gangawati ,KARNATAKA,15.431874,76.5314817,-114.0711377,-89.24092905
Gulbarga ,KARNATAKA,17.329731,76.8342957,-116.369274,-90.20423778
Hassan ,KARNATAKA,13.0068142,76.0995519,-112.9363622,-70.78591921
Hospet ,KARNATAKA,15.2688542,76.3909241,-100.7867332,-78.16818674
Hubli-Dharwad ,KARNATAKA,15.3647083,75.1239547,-94.83041644,-78.17272461
Kolar ,KARNATAKA,13.1357446,78.1325611,-105.3253914,-66.32633961
Mandya ,KARNATAKA,12.5221567,76.9009191,-94.01031106,-98.48860427
Mangalore ,KARNATAKA,12.9141417,74.8559568,-123.0981014,-85.61126823
Mysore ,KARNATAKA,12.2958104,76.6393805,-101.0479373,-70.57971831
Raichur ,KARNATAKA,16.2120031,77.3439283,-116.62377,-93.36378005
Ranibennur ,KARNATAKA,14.6113428,75.6382657,-86.21966474,-110.5774471
Robertson Pet ,KARNATAKA,12.9551189,78.2698622,-115.9380996,-107.6698891
Shimoga ,KARNATAKA,13.9299299,75.568101,-128.280311,-107.3374457
Tumkur ,KARNATAKA,13.3709627,76.6412712,-136.6800998,-70.29776409
Udupi ,KARNATAKA,13.3408807,74.7421427,-127.7396605,-76.42281288
Alappuzha ,KERALA,9.4980667,76.3388484,-83.24021753,-75.79200564
Kochi ,KERALA,9.9312328,76.2673041,-80.55392898,-75.28341537
Kollam ,KERALA,8.8932118,76.6141396,-98.21657419,-106.5403359
Kozhikode ,KERALA,11.2587531,75.78041,-133.3939846,-99.34683278
Palakkad ,KERALA,10.7867303,76.6547932,-96.90940242,-113.0357696
Thiruvananthapuram ,KERALA,8.5241391,76.9366376,-84.23723447,-68.53920128
Thrissur ,KERALA,10.5276416,76.2144349,-115.7908197,-96.45741191
Betul ,MADHYA PRADESH,21.9108031,77.9011842,-89.92141605,-112.2316034
Bhind ,MADHYA PRADESH,26.4450034,78.7476208,-133.0995142,-66.75374001
Bhopal ,MADHYA PRADESH,23.2599333,77.412615,-97.98777541,-65.8117608
Burhanpur ,MADHYA PRADESH,21.3193875,76.2224273,-138.8527064,-82.19634479
Chhattarpur ,MADHYA PRADESH,24.728683,79.560344,-111.8054041,-68.14865711
Chhindwara ,MADHYA PRADESH,22.057437,78.9381729,-135.9618407,-62.81883951
Damoh ,MADHYA PRADESH,23.8380986,79.4421731,-99.74929817,-78.55256957
Datia ,MADHYA PRADESH,25.6653262,78.4609393,-129.2001145,-60.88851287
Dewas ,MADHYA PRADESH,22.9622672,76.0507949,-108.778055,-116.225123
Guna ,MADHYA PRADESH,24.6348197,77.2979782,-84.75721795,-83.86386636
Gwalior ,MADHYA PRADESH,26.2182871,78.1828308,-138.7927095,-118.2876285
Hoshangabad ,MADHYA PRADESH,22.744108,77.736967,-100.0163682,-65.42449208
Indore ,MADHYA PRADESH,22.7195687,75.8577258,-112.0898227,-69.24071791
Jabalpur ,MADHYA PRADESH,23.181467,79.9864071,-122.1437002,-80.82810772
Khandwa ,MADHYA PRADESH,21.8257334,76.352571,-121.6187409,-80.19047517
Khargone ,MADHYA PRADESH,21.90287,75.8069082,-134.9312694,-114.2109363
Mandsaur ,MADHYA PRADESH,24.076836,75.0692952,-116.5269609,-69.9943494
Morena ,MADHYA PRADESH,26.4933562,77.9909949,-97.91327345,-105.2887621
Murwara ,MADHYA PRADESH,23.7473807,80.365865,-84.55535032,-114.9651071
Nagda ,MADHYA PRADESH,23.4454599,75.4169918,-101.2549494,-106.4100675
Neemuch ,MADHYA PRADESH,24.4763852,74.8624092,-133.355461,-106.1006765
Pithampur ,MADHYA PRADESH,22.613252,75.6822899,-80.2082381,-65.7649877
Ratlam ,MADHYA PRADESH,23.3341696,75.0376325,-131.2704092,-76.33182386
Rewa ,MADHYA PRADESH,24.5372927,81.30418,-128.4234972,-106.2484146
Sagar ,MADHYA PRADESH,23.838805,78.7378068,-97.59393328,-110.5726526
Satna ,MADHYA PRADESH,24.6005075,80.8322428,-95.06760747,-95.66017896
Sehore ,MADHYA PRADESH,23.205012,77.0850781,-89.11410376,-108.2677182
Seoni ,MADHYA PRADESH,22.0868691,79.5434841,-98.91880385,-88.20245552
Shivpuri ,MADHYA PRADESH,25.4357869,77.665066,-121.9164036,-113.8932859
Singrauli ,MADHYA PRADESH,24.1992101,82.6645469,-126.9476178,-72.74367273
Ujjain ,MADHYA PRADESH,23.1793013,75.7849097,-124.4876055,-61.86871694
Vidisha ,MADHYA PRADESH,23.5251102,77.8081363,-110.0622717,-77.10652258
Achalpur ,MAHARASHTRA,21.257584,77.5086754,-108.2144598,-118.7083686
Ahmadnagar ,MAHARASHTRA,19.0952075,74.7495916,-113.6345854,-108.610655
Akola ,MAHARASHTRA,20.7059345,77.0219019,-121.0090797,-87.44281172
Ambarnath ,MAHARASHTRA,19.1825167,73.1926023,-111.5583632,-114.050659
Amravati ,MAHARASHTRA,20.9374238,77.7795513,-114.6092147,-76.12510429
Aurangabad ,MAHARASHTRA,19.8761653,75.3433139,-138.5878216,-66.64917692
Badlapur ,MAHARASHTRA,19.1667854,73.2367896,-94.00569218,-86.52836738
Barshi ,MAHARASHTRA,18.2333856,75.6941478,-109.6975951,-115.7509564
Bhiwandi ,MAHARASHTRA,19.2812547,73.0482912,-101.7454516,-117.7880165
Bhusawal ,MAHARASHTRA,21.0455204,75.8010962,-92.31715337,-72.14522647
Bid ,MAHARASHTRA,18.9890893,75.7600785,-91.10515538,-105.7601327
Chandrapur ,MAHARASHTRA,19.9704597,79.3014845,-127.4657402,-86.52497007
Dhule ,MAHARASHTRA,20.9042201,74.7748979,-92.03671899,-70.53787446
Gondiya ,MAHARASHTRA,21.4624491,80.2209773,-101.2850993,-98.02363255
Greater Mumbai ,MAHARASHTRA,19.076,72.8777,-112.8290967,-90.40887365
Hinganghat ,MAHARASHTRA,20.5505728,78.8411405,-114.662268,-65.72804548
Ichalkaranji ,MAHARASHTRA,16.7090008,74.4560807,-88.76853823,-92.84537227
Jalgaon ,MAHARASHTRA,21.0076578,75.5626039,-101.3445293,-73.25003938
Jalna ,MAHARASHTRA,19.8296893,75.8800305,-107.0058553,-62.96131346
Kolhapur ,MAHARASHTRA,16.7049873,74.2432527,-136.1854682,-83.53627039
Latur ,MAHARASHTRA,18.4087934,76.5603828,-119.3747505,-92.25115082
Malegaon ,MAHARASHTRA,20.5547497,74.5100291,-115.8506302,-113.3799525
Mira Bhayander ,MAHARASHTRA,19.2952325,72.8543897,-104.9916498,-65.19491914
Nagpur ,MAHARASHTRA,21.1458004,79.0881546,-97.18682965,-85.32437736
Nanded Waghala ,MAHARASHTRA,19.1428869,77.303723,-136.2359014,-118.6551004
Nandurbar ,MAHARASHTRA,21.7468548,74.123996,-84.64005826,-66.61781501
Nashik ,MAHARASHTRA,19.9974533,73.7898023,-98.47635674,-86.11626839
Navi Mumbai ,MAHARASHTRA,19.0330488,73.0296625,-91.78890819,-94.66286114
Navi Mumbai Panvel Raigarh ,MAHARASHTRA,18.9894007,73.1175162,-135.5307499,-70.00267853
Osmanabad ,MAHARASHTRA,18.2069636,76.1783739,-96.11471585,-110.5038416
Panvel ,MAHARASHTRA,18.9894007,73.1175162,-115.053014,-119.2563562
Parbhani ,MAHARASHTRA,19.2609958,76.776665,-84.39667247,-95.34193618
Pimpri Chinchwad ,MAHARASHTRA,18.6297811,73.7997094,-131.2707685,-71.88576308
Pune ,MAHARASHTRA,18.5204303,73.8567437,-129.8531455,-75.75029041
Sangli Miraj Kupwad ,MAHARASHTRA,16.8541887,74.6049061,-120.5067939,-107.9523795
Satara ,MAHARASHTRA,17.6804639,74.018261,-126.0183318,-61.31766086
Solapur ,MAHARASHTRA,17.6599188,75.9063906,-120.1447073,-81.80493463
Thane ,MAHARASHTRA,19.2183307,72.9780897,-112.1527124,-104.3487463
Udgir ,MAHARASHTRA,18.3942882,77.1126009,-99.4659634,-112.6972472
Ulhasnagar ,MAHARASHTRA,19.2215115,73.1644628,-84.80306409,-110.5605572
Vasai Virar City ,MAHARASHTRA,19.3919275,72.8397317,-111.2763128,-98.84911188
Wardha ,MAHARASHTRA,20.745319,78.6021946,-119.6045527,-69.46064614
Yavatmal ,MAHARASHTRA,20.3887937,78.1204073,-126.1994781,-118.8898202
Imphal ,MANIPUR ,24.8170111,93.9368439,-123.2096939,-72.785432
Shillong ,MEGHALAYA,25.5714,91.8848,-109.3064038,-83.33315361
Aizawl ,MIZORAM,23.727107,92.7176389,-138.605957,-116.6638201
Dimapur ,NAGALAND,25.8629885,93.7536663,-138.1560266,-67.44749802
Baleshwar Town ,ORISSA,21.4869337,86.9246005,-98.03931348,-66.22918025
Baripada Town ,ORISSA,21.9322338,86.7516942,-95.7472514,-94.28328435
Bhadrak ,ORISSA,21.0582737,86.4958396,-86.40518226,-119.5069166
Bhubaneswar Town ,ORISSA,20.2960587,85.8245398,-124.3290535,-74.48688612
Brahmapur Town ,ORISSA,19.3149618,84.7940911,-114.5767159,-69.37297408
Cuttack ,ORISSA,20.462521,85.8829895,-118.3987342,-72.8608764
Puri ,ORISSA,19.8133822,85.8314655,-126.4942707,-95.46395252
Raurkela Industrial Township ,ORISSA,22.1993143,84.8620054,-91.84727607,-106.2751718
Raurkela Town ,ORISSA,22.260423,84.8535844,-83.8935023,-78.06491342
Sambalpur ,ORISSA,21.4668716,83.9811665,-85.14365673,-89.91837042
Ozhukarai ,PUDUCHERRY,11.9475611,79.7793932,-111.1472252,-62.10853044
Puducherry ,PUDUCHERRY,11.9138598,79.8144722,-117.028989,-107.3501861
Abohar ,PUNJAB,30.1452928,74.1993043,-115.9833901,-111.4278615
Amritsar ,PUNJAB,31.6339793,74.8722642,-117.4050596,-82.25780683
Barnala ,PUNJAB,30.3819446,75.5467979,-93.69491183,-72.14096604
Batala ,PUNJAB,31.8183238,75.2070644,-133.4594741,-80.1513219
Bathinda ,PUNJAB,30.210994,74.9454745,-134.8137273,-107.8198875
Firozpur ,PUNJAB,30.9331348,74.6224755,-138.8381759,-78.41375735
Hoshiarpur ,PUNJAB,31.5143178,75.911483,-85.71686122,-92.46907346
Jalandhar ,PUNJAB,31.3260152,75.5761829,-111.9468736,-71.0260673
Khanna ,PUNJAB,30.697852,76.2112286,-125.1618376,-94.34446014
Ludhiana ,PUNJAB,30.900965,75.8572758,-116.4700385,-108.079645
Malerkotla ,PUNJAB,30.5232076,75.8882508,-86.81026625,-63.49655294
Moga ,PUNJAB,30.8164603,75.1717093,-95.03827505,-110.4128514
Muktsar ,PUNJAB,30.4766391,74.511172,-91.63191024,-113.2981439
Pathankot ,PUNJAB,32.2643375,75.6421121,-137.5184432,-87.93824624
Patiala ,PUNJAB,30.3397809,76.3868797,-83.14316198,-61.60571426
S.A.S. Nagar ,PUNJAB,30.6496486,76.7567368,-92.16434869,-77.89492068
Ajmer ,RAJASTHAN,26.4498954,74.6399163,-138.9359387,-76.31061948
Alwar ,RAJASTHAN,27.5529907,76.6345735,-114.7588852,-78.60813164
Banswara ,RAJASTHAN,23.5461394,74.4349761,-107.4522584,-64.65685229
Baran ,RAJASTHAN,25.1011438,76.5131637,-84.67708422,-82.5380627
Beawar ,RAJASTHAN,26.1007337,74.3190747,-135.1338861,-116.7562579
Bharatpur ,RAJASTHAN,27.216981,77.489515,-102.4373089,-94.37420257
Bhilwara ,RAJASTHAN,25.321377,74.586953,-95.14520388,-75.18878371
Bhiwadi ,RAJASTHAN,28.2088218,76.8445999,-101.4512719,-102.5502079
Bikaner ,RAJASTHAN,28.0229348,73.3119159,-132.5970317,-86.25900181
Bundi ,RAJASTHAN,25.4305144,75.6499025,-111.4051198,-98.90703023
Chittaurgarh ,RAJASTHAN,24.8887435,74.6269216,-95.34333367,-70.92372369
Churu ,RAJASTHAN,28.3174965,74.9851678,-93.75472925,-118.3714182
Dhaulpur ,RAJASTHAN,26.7025181,77.893391,-133.0269255,-69.012069
Ganganagar ,RAJASTHAN,29.9038399,73.8771901,-91.25179253,-114.3070122
Gangapur City ,RAJASTHAN,26.4846537,76.7278803,-124.5639379,-75.95612637
Hanumangarh ,RAJASTHAN,29.5815012,74.3294199,-117.5123567,-105.9102009
Hindaun ,RAJASTHAN,26.7454967,77.0330481,-107.1188298,-78.19086316
Jaipur ,RAJASTHAN,26.9124336,75.7872709,-125.8148266,-117.7190743
Jhunjhunun ,RAJASTHAN,28.1288747,75.3995089,-106.5999221,-118.041352
Jodhpur ,RAJASTHAN,26.2389469,73.0243094,-116.266097,-103.6647239
Kishangarh ,RAJASTHAN,26.5870344,74.856397,-111.6662489,-64.76835484
Kota ,RAJASTHAN,25.2138156,75.8647527,-135.1767956,-115.1154592
Nagaur ,RAJASTHAN,27.1991222,73.740924,-112.5041123,-99.93249928
Pali ,RAJASTHAN,25.7710893,73.3234478,-134.0484918,-73.98387747
Sawai Madhopur ,RAJASTHAN,26.0377772,76.3521514,-85.33843426,-74.60917241
Sikar ,RAJASTHAN,27.6094,75.139911,-86.04932751,-109.097688
Sujangarh ,RAJASTHAN,27.7044756,74.4642861,-135.2660796,-92.36669888
Tonk ,RAJASTHAN,26.1620402,75.7894716,-130.3597495,-69.09650841
Udaipur ,RAJASTHAN,24.585445,73.712479,-90.32094464,-85.36538608
Alandur ,TAMIL NADU,12.9974873,80.2006371,-122.6421951,-93.47881423
Ambattur ,TAMIL NADU,13.1143167,80.1480551,-129.3533783,-60.70853578
Ambur ,TAMIL NADU,12.7903613,78.7166084,-80.21361228,-96.30936348
Avadi ,TAMIL NADU,13.1067448,80.0969511,-123.3686488,-104.6064933
Chennai ,TAMIL NADU,13.0826802,80.2707184,-132.5613265,-110.0169496
Coimbatore ,TAMIL NADU,11.0168445,76.9558321,-116.412322,-76.86601482
Cuddalore ,TAMIL NADU,11.744699,79.7680243,-99.19330912,-109.3113275
Dindigul ,TAMIL NADU,10.3673123,77.9802906,-102.4160946,-97.72712836
Erode ,TAMIL NADU,11.3410364,77.7171642,-91.40945998,-116.823633
Hosur ,TAMIL NADU,12.7409127,77.8252923,-101.3662075,-69.67570729
Kancheepuram ,TAMIL NADU,12.8341735,79.7036402,-130.1819025,-66.35069882
Karaikkudi ,TAMIL NADU,10.0731315,78.7801544,-83.68395421,-119.3172609
Kumbakonam ,TAMIL NADU,10.9616945,79.3881132,-127.686787,-115.3734224
Kurichi ,TAMIL NADU,11.5707716,77.6966143,-90.75480252,-91.81327565
Madavaram ,TAMIL NADU,13.147819,80.2309861,-126.2122008,-93.2923629
Madurai ,TAMIL NADU,9.9252007,78.1197754,-125.7171796,-67.35984029
Nagapattinam ,TAMIL NADU,10.7656082,79.8423888,-104.8912041,-78.9276853
Nagercoil ,TAMIL NADU,8.1832857,77.4118996,-111.7977793,-91.23829793
Neyveli ,TAMIL NADU,11.5432364,79.4760133,-89.51909703,-91.76020128
Pallavaram ,TAMIL NADU,12.9673484,80.1526888,-112.6658408,-66.14822263
Pudukkottai ,TAMIL NADU,10.379663,78.8208454,-126.4877954,-61.55117521
Rajapalayam ,TAMIL NADU,9.4653377,77.5275463,-105.7412989,-88.42566496
Salem ,TAMIL NADU,11.664325,78.1460142,-139.7440747,-83.19121119
Tambaram ,TAMIL NADU,12.9229153,80.1274558,-137.0705552,-98.09770855
Thanjavur ,TAMIL NADU,10.7869994,79.1378274,-114.1918773,-68.65388641
Thoothukkudi ,TAMIL NADU,8.7641661,78.1348361,-124.8149654,-77.33722649
Tiruchirappalli ,TAMIL NADU,10.7904833,78.7046725,-105.6133896,-65.37692611
Tirunelveli ,TAMIL NADU,8.7139126,77.7566523,-107.6773115,-100.3820223
Tiruppur ,TAMIL NADU,11.1085242,77.3410656,-81.51005182,-74.88172741
Tiruvannamalai ,TAMIL NADU,12.2252841,79.0746957,-95.9170772,-91.78140619
Tiruvottiyur ,TAMIL NADU,13.1691914,80.3045793,-95.46578564,-104.3143894
Vellore ,TAMIL NADU,12.9165167,79.1324986,-130.6481519,-108.6304905
Agartala ,TRIPURA,23.831457,91.2867777,-126.9334242,-73.52357032
Agra ,UTTAR PRADESH,27.1766701,78.0080745,-109.8096816,-108.5022959
Akbarpur ,UTTAR PRADESH,26.4407468,82.5537514,-121.7964141,-112.3836101
Aligarh ,UTTAR PRADESH,27.8973944,78.0880129,-130.0918856,-108.3135312
Allahabad ,UTTAR PRADESH,25.4358011,81.846311,-97.66318226,-61.98705968
Amroha ,UTTAR PRADESH,28.9043537,78.4673426,-84.46315639,-102.4398484
Azamgarh ,UTTAR PRADESH,26.0737044,83.1859458,-110.7847692,-108.9497447
Bahraich ,UTTAR PRADESH,27.7525271,81.4278984,-96.22353958,-69.19374584
Ballia ,UTTAR PRADESH,25.7584381,84.1487319,-114.3496205,-60.74940995
Banda ,UTTAR PRADESH,25.4796224,80.3380213,-137.0866835,-76.47434966
Baraut ,UTTAR PRADESH,29.0998902,77.2606149,-118.0018364,-103.8816738
Bareilly ,UTTAR PRADESH,28.3670355,79.4304381,-98.63343675,-114.6389367
Basti ,UTTAR PRADESH,26.8176796,82.7633133,-83.44906434,-119.6487644
Budaun ,UTTAR PRADESH,28.0337088,79.1205419,-83.39503912,-73.447192
Bulandshahr ,UTTAR PRADESH,28.406963,77.8498292,-83.65371937,-102.4793004
Chandausi ,UTTAR PRADESH,28.4480507,78.7796105,-116.5814462,-113.6303633
Deoria ,UTTAR PRADESH,26.4270039,83.804868,-83.26718135,-92.6954415
Etah ,UTTAR PRADESH,27.5587505,78.662567,-133.5780276,-87.57878269
Etawah ,UTTAR PRADESH,26.8458148,79.1096901,-88.0828284,-65.36303241
Faizabad ,UTTAR PRADESH,26.7732476,82.1441643,-89.01304451,-71.96186381
Farrukhabad-cum-Fatehgarh ,UTTAR PRADESH,27.3826126,79.5940544,-101.7199837,-106.2553439
Fatehpur ,UTTAR PRADESH,25.8499808,80.8986502,-131.0295261,-76.27120852
Firozabad ,UTTAR PRADESH,27.1591006,78.3957574,-85.57674234,-60.24571721
Ghazipur ,UTTAR PRADESH,25.5840419,83.5770202,-85.25422317,-73.3551383
Gonda ,UTTAR PRADESH,27.1339913,81.9618968,-92.11336278,-109.0206769
Gorakhpur ,UTTAR PRADESH,26.7605545,83.3731675,-138.2541964,-114.3091083
Noida ,UTTAR PRADESH,28.4743879,77.5039904,-135.5367803,-108.1915038
Hapur ,UTTAR PRADESH,28.7305798,77.7758825,-122.0666821,-68.60617782
Hardoi ,UTTAR PRADESH,27.2978965,80.1875065,-109.2996996,-60.75934718
Hathras ,UTTAR PRADESH,27.6056212,78.0537813,-107.6196474,-83.72043879
Jaunpur ,UTTAR PRADESH,25.7490034,82.6987002,-82.4111332,-69.44640027
Jhansi ,UTTAR PRADESH,25.4484257,78.5684594,-82.53182388,-76.06569023
Kanpur ,UTTAR PRADESH,26.449923,80.3318736,-133.435986,-105.5364482
Kanpur City,UTTAR PRADESH,26.449923,80.3318736,-119.7223505,-88.55241906
Kasganj ,UTTAR PRADESH,27.8129344,78.649785,-128.1254005,-72.50087112
Khora ,UTTAR PRADESH,28.753915,77.3999054,-93.20159923,-63.06561286
Khurja ,UTTAR PRADESH,28.2513538,77.8538797,-129.1370209,-64.34562711
Lakhimpur ,UTTAR PRADESH,27.9490794,80.7824012,-113.6824066,-73.26845122
Lalitpur ,UTTAR PRADESH,24.6878597,78.4120206,-120.383945,-81.64998231
Loni ,UTTAR PRADESH,28.7316438,77.3008506,-80.50594159,-117.1397383
Lucknow ,UTTAR PRADESH,26.8466937,80.946166,-89.35071211,-67.32650318
Mainpuri ,UTTAR PRADESH,27.2177405,79.1096901,-138.9631406,-104.4045054
Mathura ,UTTAR PRADESH,27.4924134,77.673673,-95.14937834,-89.58556172
Maunath Bhanjan ,UTTAR PRADESH,25.9496379,83.5586445,-115.2646439,-102.3444858
Meerut ,UTTAR PRADESH,28.9844618,77.7064137,-132.4933376,-72.79599781
Mirzapur ,UTTAR PRADESH,25.1336987,82.5644344,-136.2502989,-74.89954804
Modinagar ,UTTAR PRADESH,28.8316307,77.5779592,-135.8573161,-110.8683484
Moradabad ,UTTAR PRADESH,28.8386481,78.7733286,-126.4622553,-74.74692593
Mughalsarai ,UTTAR PRADESH,25.2814947,83.1198203,-109.9149377,-74.93281673
Muzaffarnagar ,UTTAR PRADESH,29.4726817,77.7085091,-109.8172909,-103.741142
Noida ,UTTAR PRADESH,28.5355161,77.3910265,-96.01402199,-105.4112803
Orai ,UTTAR PRADESH,26.00864,79.4478858,-123.0726722,-87.3282226
Pilibhit ,UTTAR PRADESH,28.6207939,79.8128649,-137.9050945,-84.00551771
Rae Bareli ,UTTAR PRADESH,26.2345298,81.2408689,-87.41511782,-113.728239
Rampur ,UTTAR PRADESH,25.4842209,82.5916032,-89.43239337,-85.26767891
Saharanpur ,UTTAR PRADESH,29.967079,77.5510172,-131.0187495,-106.8713974
Sambhal ,UTTAR PRADESH,28.5903614,78.5717631,-131.2926498,-90.78595193
Shahjahanpur ,UTTAR PRADESH,27.8295801,79.8296743,-105.3923435,-78.13759737
Shamli ,UTTAR PRADESH,29.4507575,77.3152116,-109.6246184,-101.6934087
Shikohabad ,UTTAR PRADESH,27.1061756,78.5881674,-86.71209149,-110.2912961
Sitapur ,UTTAR PRADESH,27.5325072,80.8986502,-82.32328659,-114.5537666
Sultanpur ,UTTAR PRADESH,26.2647757,82.0727061,-122.5038198,-85.58656163
Unnao ,UTTAR PRADESH,26.5393449,80.4878195,-137.6040556,-78.53135234
Varanasi ,UTTAR PRADESH,25.3176452,82.9739144,-106.1870214,-102.4787393
Dehradun ,UTTARAKHAND,30.3164945,78.0321918,-121.7151087,-108.516824
Haldwani ,UTTARAKHAND,29.2182644,79.5129767,-117.0739368,-104.679973
Hardwar ,UTTARAKHAND,29.9456906,78.1642478,-89.58307246,-99.76741526
Kashipur ,UTTARAKHAND,29.2104232,78.9618845,-117.4657034,-69.87970553
Roorkee ,UTTARAKHAND,29.8542626,77.8880002,-97.96843793,-108.9878948
Rudrapur ,UTTARAKHAND,28.9875082,79.4141214,-96.78963576,-102.4818101
Asansol ,WEST BENGAL,23.6739452,86.9523954,-118.6323733,-86.38197599
Ashoknagar Kalyangarh ,WEST BENGAL,22.84039,88.6241351,-135.9623573,-89.31087278
Baharampur ,WEST BENGAL,24.0988265,88.2679264,-100.8680271,-72.09142407
Baidyabati ,WEST BENGAL,22.795783,88.3190717,-132.4596669,-81.72402677
Bally ,WEST BENGAL,22.6500518,88.3423199,-86.92238554,-100.9284238
Bally City,WEST BENGAL,22.6500518,88.3423199,-132.1393721,-109.7522094
Balurghat ,WEST BENGAL,25.2372834,88.7830612,-135.9888717,-84.15966117
Bankura ,WEST BENGAL,23.2324146,87.0786044,-119.4936789,-84.70427953
Bansberia ,WEST BENGAL,22.951904,88.4070629,-90.50058237,-112.7945483
Baranagar ,WEST BENGAL,22.6383016,88.3654386,-94.09498137,-87.99614777
Barasat ,WEST BENGAL,22.7228159,88.480552,-116.9639427,-102.5140578
Barddhaman ,WEST BENGAL,23.2324214,87.8614793,-123.5341246,-81.79203808
Barrackpur ,WEST BENGAL,22.7674278,88.3883455,-97.99491854,-69.1427851
Basirhat ,WEST BENGAL,22.6574017,88.8671766,-129.5215559,-60.26859048
Bhadreswar ,WEST BENGAL,22.8275529,88.3456516,-109.272933,-107.9290495
Bhatpara ,WEST BENGAL,22.8562412,88.406454,-120.831902,-73.98354624
Bidhan Nagar ,WEST BENGAL,22.5867296,88.4170988,-94.53332821,-95.67877034
Bongaon ,WEST BENGAL,23.0440381,88.827703,-111.9176765,-69.18236671
Champdani ,WEST BENGAL,22.8049456,88.3409338,-128.6817552,-64.64656674
Chandannagar ,WEST BENGAL,22.8647723,88.36326,-85.12907018,-84.29828813
Dabgram ,WEST BENGAL,26.6954603,88.4415998,-83.91253075,-71.16218629
Darjiling ,WEST BENGAL,27.0360066,88.2626751,-85.49601666,-89.4385423
Dum Dum ,WEST BENGAL,22.6470514,88.431683,-127.8665062,-106.0264217
Durgapur ,WEST BENGAL,23.5204443,87.3119227,-117.1335129,-78.92394227
English Bazar ,WEST BENGAL,25.0108408,88.1410967,-123.3530338,-83.19636537
Habra ,WEST BENGAL,22.8488542,88.6639591,-111.8054796,-85.37822684
Haldia ,WEST BENGAL,22.0666742,88.0698118,-131.8112043,-78.94898858
Halisahar ,WEST BENGAL,22.9441261,88.4193259,-130.4302538,-75.04920332
Haora ,WEST BENGAL,22.5957689,88.2636394,-103.1068364,-103.2014366
Hugli-Chinsurah ,WEST BENGAL,22.8858771,88.3919026,-117.4483533,-95.777424
Jalpaiguri ,WEST BENGAL,26.5434772,88.7205256,-84.84712356,-93.47796113
Jamuria ,WEST BENGAL,23.7060688,87.0774107,-95.64006566,-114.6342824
Kalyani ,WEST BENGAL,22.9750855,88.4345078,-133.3883108,-96.96767787
Kamarhati ,WEST BENGAL,22.6846668,88.3706491,-121.7340785,-73.84092875
Kanchrapara ,WEST BENGAL,22.944101,88.4335019,-97.42901593,-108.8521221
Kharagpur ,WEST BENGAL,22.34601,87.2319753,-81.84266271,-94.52527778
Khardaha ,WEST BENGAL,22.7002943,88.3753455,-83.02183935,-107.2960916
Kolkata ,WEST BENGAL,22.572646,88.363895,-94.2003735,-86.94415722
Krishnanagar ,WEST BENGAL,23.4008744,88.5013962,-88.92870436,-70.09391665
Kulti ,WEST BENGAL,23.7370306,86.8370937,-99.24513154,-66.70898026
Madhyamgram ,WEST BENGAL,22.6925015,88.465448,-117.2558324,-82.65622553
Maheshtala ,WEST BENGAL,22.511976,88.2509941,-113.6947741,-73.45115031
Medinipur ,WEST BENGAL,22.4308892,87.3214908,-112.8099042,-87.28491574
Nabadwip ,WEST BENGAL,23.4036446,88.3676393,-118.3799004,-106.6284976
Naihati ,WEST BENGAL,22.8928724,88.4220324,-123.8157374,-112.0261932
North Barrackpur ,WEST BENGAL,22.7902358,88.367179,-103.8477723,-92.9309854
North Dum Dum ,WEST BENGAL,22.6658076,88.4258483,-125.2707538,-71.72136429
Panihati ,WEST BENGAL,22.6983108,88.3991789,-99.23890584,-99.25570306
Puruliya ,WEST BENGAL,23.3320779,86.365208,-92.73566045,-92.20879132
Raiganj ,WEST BENGAL,25.6185295,88.1255837,-99.42551801,-69.64165736
Rajarhat Gopalpur ,WEST BENGAL,22.6321975,88.4540911,-117.575356,-118.2853563
Rajpur Sonarpur ,WEST BENGAL,22.4490894,88.3914731,-109.4734376,-75.41831714
Raniganj ,WEST BENGAL,23.6290575,87.0923906,-98.12408531,-76.04763596
Rishra ,WEST BENGAL,22.7244023,88.3287896,-128.6070737,-105.9133027
Santipur ,WEST BENGAL,23.2645399,88.4380966,-83.66310116,-104.5177352
Serampore ,WEST BENGAL,22.748331,88.3385053,-110.2006632,-102.3034397
Siliguri ,WEST BENGAL,26.7271012,88.3952861,-103.1959318,-111.5916672
South Dum Dum ,WEST BENGAL,22.6059435,88.3967536,-80.78980982,-75.55290726
Titagarh ,WEST BENGAL,22.7382665,88.3737064,-104.4938878,-102.0425319
Uluberia ,WEST BENGAL,22.4744363,88.1000377,-129.8095892,-87.69518145
Uttarpara Kotrung ,WEST BENGAL,22.6768451,88.3385053,-95.99433859,-105.0904954